country,year,pop,continent,lifeExp,gdpPercap
0,1952,8425333.0,3,28.801,779.4453145
0,1957,9240934.0,3,30.332,820.8530296
0,1962,10267083.0,3,31.997,853.10071
0,1967,11537966.0,3,34.02,836.1971382
0,1972,13079460.0,3,36.088,739.9811058
0,1977,14880372.0,3,38.438,786.11336
0,1982,12881816.0,3,39.854,978.0114388
0,1987,13867957.0,3,40.822,852.3959448
0,1992,16317921.0,3,41.674,649.3413952
0,1997,22227415.0,3,41.763,635.341351
0,2002,25268405.0,3,42.129,726.7340548
0,2007,31889923.0,3,43.828,974.5803384
1,1952,1282697.0,4,55.23,1601.056136
1,1957,1476505.0,4,59.28,1942.284244
1,1962,1728137.0,4,64.82,2312.888958
1,1967,1984060.0,4,66.22,2760.196931
1,1972,2263554.0,4,67.69,3313.422188
1,1977,2509048.0,4,68.93,3533.00391
1,1982,2780097.0,4,70.42,3630.880722
1,1987,3075321.0,4,72.0,3738.932735
1,1992,3326498.0,4,71.581,2497.437901
1,1997,3428038.0,4,72.95,3193.054604
1,2002,3508512.0,4,75.651,4604.211737
1,2007,3600523.0,4,76.423,5937.029526
2,1952,9279525.0,1,43.077,2449.008185
2,1957,10270856.0,1,45.685,3013.976023
2,1962,11000948.0,1,48.303,2550.81688
2,1967,12760499.0,1,51.407,3246.991771
2,1972,14760787.0,1,54.518,4182.663766
2,1977,17152804.0,1,58.014,4910.416756
2,1982,20033753.0,1,61.368,5745.160213
2,1987,23254956.0,1,65.799,5681.358539
2,1992,26298373.0,1,67.744,5023.216647
2,1997,29072015.0,1,69.152,4797.295051
2,2002,31287142.0,1,70.994,5288.040382
2,2007,33333216.0,1,72.301,6223.367465
3,1952,4232095.0,1,30.015,3520.610273
3,1957,4561361.0,1,31.999,3827.940465
3,1962,4826015.0,1,34.0,4269.276742
3,1967,5247469.0,1,35.985,5522.776375
3,1972,5894858.0,1,37.928,5473.288005
3,1977,6162675.0,1,39.483,3008.647355
3,1982,7016384.0,1,39.942,2756.953672
3,1987,7874230.0,1,39.906,2430.208311
3,1992,8735988.0,1,40.647,2627.845685
3,1997,9875024.0,1,40.963,2277.140884
3,2002,10866106.0,1,41.003,2773.287312
3,2007,12420476.0,1,42.731,4797.231267
4,1952,17876956.0,2,62.485,5911.315053
4,1957,19610538.0,2,64.399,6856.856212
4,1962,21283783.0,2,65.142,7133.166023
4,1967,22934225.0,2,65.634,8052.953021
4,1972,24779799.0,2,67.065,9443.038526
4,1977,26983828.0,2,68.481,10079.02674
4,1982,29341374.0,2,69.942,8997.897412
4,1987,31620918.0,2,70.774,9139.671389
4,1992,33958947.0,2,71.868,9308.41871
4,1997,36203463.0,2,73.275,10967.28195
4,2002,38331121.0,2,74.34,8797.640716
4,2007,40301927.0,2,75.32,12779.37964
5,1952,8691212.0,5,69.12,10039.59564
5,1957,9712569.0,5,70.33,10949.64959
5,1962,10794968.0,5,70.93,12217.22686
5,1967,11872264.0,5,71.1,14526.12465
5,1972,13177000.0,5,71.93,16788.62948
5,1977,14074100.0,5,73.49,18334.19751
5,1982,15184200.0,5,74.74,19477.00928
5,1987,16257249.0,5,76.32,21888.88903
5,1992,17481977.0,5,77.56,23424.76683
5,1997,18565243.0,5,78.83,26997.93657
5,2002,19546792.0,5,80.37,30687.75473
5,2007,20434176.0,5,81.235,34435.36744
6,1952,6927772.0,4,66.8,6137.076492
6,1957,6965860.0,4,67.48,8842.59803
6,1962,7129864.0,4,69.54,10750.72111
6,1967,7376998.0,4,70.14,12834.6024
6,1972,7544201.0,4,70.63,16661.6256
6,1977,7568430.0,4,72.17,19749.4223
6,1982,7574613.0,4,73.18,21597.08362
6,1987,7578903.0,4,74.94,23687.82607
6,1992,7914969.0,4,76.04,27042.01868
6,1997,8069876.0,4,77.51,29095.92066
6,2002,8148312.0,4,78.98,32417.60769
6,2007,8199783.0,4,79.829,36126.4927
7,1952,120447.0,3,50.939,9867.084765
7,1957,138655.0,3,53.832,11635.79945
7,1962,171863.0,3,56.923,12753.27514
7,1967,202182.0,3,59.923,14804.6727
7,1972,230800.0,3,63.3,18268.65839
7,1977,297410.0,3,65.593,19340.10196
7,1982,377967.0,3,69.052,19211.14731
7,1987,454612.0,3,70.75,18524.02406
7,1992,529491.0,3,72.601,19035.57917
7,1997,598561.0,3,73.925,20292.01679
7,2002,656397.0,3,74.795,23403.55927
7,2007,708573.0,3,75.635,29796.04834
8,1952,46886859.0,3,37.484,684.2441716
8,1957,51365468.0,3,39.348,661.6374577
8,1962,56839289.0,3,41.216,686.3415538
8,1967,62821884.0,3,43.453,721.1860862
8,1972,70759295.0,3,45.252,630.2336265
8,1977,80428306.0,3,46.923,659.8772322
8,1982,93074406.0,3,50.009,676.9818656
8,1987,103764241.0,3,52.819,751.9794035
8,1992,113704579.0,3,56.018,837.8101643
8,1997,123315288.0,3,59.412,972.7700352
8,2002,135656790.0,3,62.013,1136.39043
8,2007,150448339.0,3,64.062,1391.253792
9,1952,8730405.0,4,68.0,8343.105127
9,1957,8989111.0,4,69.24,9714.960623
9,1962,9218400.0,4,70.25,10991.20676
9,1967,9556500.0,4,70.94,13149.04119
9,1972,9709100.0,4,71.44,16672.14356
9,1977,9821800.0,4,72.8,19117.97448
9,1982,9856303.0,4,73.93,20979.84589
9,1987,9870200.0,4,75.35,22525.56308
9,1992,10045622.0,4,76.46,25575.57069
9,1997,10199787.0,4,77.53,27561.19663
9,2002,10311970.0,4,78.32,30485.88375
9,2007,10392226.0,4,79.441,33692.60508
10,1952,1738315.0,1,38.223,1062.7522
10,1957,1925173.0,1,40.358,959.6010805
10,1962,2151895.0,1,42.618,949.4990641
10,1967,2427334.0,1,44.885,1035.831411
10,1972,2761407.0,1,47.014,1085.796879
10,1977,3168267.0,1,49.19,1029.161251
10,1982,3641603.0,1,50.904,1277.897616
10,1987,4243788.0,1,52.337,1225.85601
10,1992,4981671.0,1,53.919,1191.207681
10,1997,6066080.0,1,54.777,1232.975292
10,2002,7026113.0,1,54.406,1372.877931
10,2007,8078314.0,1,56.728,1441.284873
11,1952,2883315.0,2,40.414,2677.326347
11,1957,3211738.0,2,41.89,2127.686326
11,1962,3593918.0,2,43.428,2180.972546
11,1967,4040665.0,2,45.032,2586.886053
11,1972,4565872.0,2,46.714,2980.331339
11,1977,5079716.0,2,50.023,3548.097832
11,1982,5642224.0,2,53.859,3156.510452
11,1987,6156369.0,2,57.251,2753.69149
11,1992,6893451.0,2,59.957,2961.699694
11,1997,7693188.0,2,62.05,3326.143191
11,2002,8445134.0,2,63.883,3413.26269
11,2007,9119152.0,2,65.554,3822.137084
12,1952,2791000.0,4,53.82,973.5331948
12,1957,3076000.0,4,58.45,1353.989176
12,1962,3349000.0,4,61.93,1709.683679
12,1967,3585000.0,4,64.79,2172.352423
12,1972,3819000.0,4,67.45,2860.16975
12,1977,4086000.0,4,69.86,3528.481305
12,1982,4172693.0,4,70.69,4126.613157
12,1987,4338977.0,4,71.14,4314.114757
12,1992,4256013.0,4,72.178,2546.781445
12,1997,3607000.0,4,73.244,4766.355904
12,2002,4165416.0,4,74.09,6018.975239
12,2007,4552198.0,4,74.852,7446.298803
13,1952,442308.0,1,47.622,851.2411407
13,1957,474639.0,1,49.618,918.2325349
13,1962,512764.0,1,51.52,983.6539764
13,1967,553541.0,1,53.298,1214.709294
13,1972,619351.0,1,56.024,2263.611114
13,1977,781472.0,1,59.319,3214.857818
13,1982,970347.0,1,61.484,4551.14215
13,1987,1151184.0,1,63.622,6205.88385
13,1992,1342614.0,1,62.745,7954.111645
13,1997,1536536.0,1,52.556,8647.142313
13,2002,1630347.0,1,46.634,11003.60508
13,2007,1639131.0,1,50.728,12569.85177
14,1952,56602560.0,2,50.917,2108.944355
14,1957,65551171.0,2,53.285,2487.365989
14,1962,76039390.0,2,55.665,3336.585802
14,1967,88049823.0,2,57.632,3429.864357
14,1972,100840058.0,2,59.504,4985.711467
14,1977,114313951.0,2,61.489,6660.118654
14,1982,128962939.0,2,63.336,7030.835878
14,1987,142938076.0,2,65.205,7807.095818
14,1992,155975974.0,2,67.057,6950.283021
14,1997,168546719.0,2,69.388,7957.980824
14,2002,179914212.0,2,71.006,8131.212843
14,2007,190010647.0,2,72.39,9065.800825
15,1952,7274900.0,4,59.6,2444.286648
15,1957,7651254.0,4,66.61,3008.670727
15,1962,8012946.0,4,69.51,4254.337839
15,1967,8310226.0,4,70.42,5577.0028
15,1972,8576200.0,4,70.9,6597.494398
15,1977,8797022.0,4,70.81,7612.240438
15,1982,8892098.0,4,71.08,8224.191647
15,1987,8971958.0,4,71.34,8239.854824
15,1992,8658506.0,4,71.19,6302.623438
15,1997,8066057.0,4,70.32,5970.38876
15,2002,7661799.0,4,72.14,7696.777725
15,2007,7322858.0,4,73.005,10680.79282
16,1952,4469979.0,1,31.975,543.2552413
16,1957,4713416.0,1,34.906,617.1834648
16,1962,4919632.0,1,37.814,722.5120206
16,1967,5127935.0,1,40.697,794.8265597
16,1972,5433886.0,1,43.591,854.7359763
16,1977,5889574.0,1,46.137,743.3870368
16,1982,6634596.0,1,48.122,807.1985855
16,1987,7586551.0,1,49.557,912.0631417
16,1992,8878303.0,1,50.26,931.7527731
16,1997,10352843.0,1,50.324,946.2949618
16,2002,12251209.0,1,50.65,1037.645221
16,2007,14326203.0,1,52.295,1217.032994
17,1952,2445618.0,1,39.031,339.2964587
17,1957,2667518.0,1,40.533,379.5646281
17,1962,2961915.0,1,42.045,355.2032273
17,1967,3330989.0,1,43.548,412.9775136
17,1972,3529983.0,1,44.057,464.0995039
17,1977,3834415.0,1,45.91,556.1032651
17,1982,4580410.0,1,47.471,559.603231
17,1987,5126023.0,1,48.211,621.8188189
17,1992,5809236.0,1,44.736,631.6998778
17,1997,6121610.0,1,45.326,463.1151478
17,2002,7021078.0,1,47.36,446.4035126
17,2007,8390505.0,1,49.58,430.0706916
18,1952,4693836.0,3,39.417,368.4692856
18,1957,5322536.0,3,41.366,434.0383364
18,1962,6083619.0,3,43.415,496.9136476
18,1967,6960067.0,3,45.415,523.4323142
18,1972,7450606.0,3,40.317,421.6240257
18,1977,6978607.0,3,31.22,524.9721832
18,1982,7272485.0,3,50.957,624.4754784
18,1987,8371791.0,3,53.914,683.8955732
18,1992,10150094.0,3,55.803,682.3031755
18,1997,11782962.0,3,56.534,734.28517
18,2002,12926707.0,3,56.752,896.2260153
18,2007,14131858.0,3,59.723,1713.778686
19,1952,5009067.0,1,38.523,1172.667655
19,1957,5359923.0,1,40.428,1313.048099
19,1962,5793633.0,1,42.643,1399.607441
19,1967,6335506.0,1,44.799,1508.453148
19,1972,7021028.0,1,47.049,1684.146528
19,1977,7959865.0,1,49.355,1783.432873
19,1982,9250831.0,1,52.961,2367.983282
19,1987,10780667.0,1,54.985,2602.664206
19,1992,12467171.0,1,54.314,1793.163278
19,1997,14195809.0,1,52.199,1694.337469
19,2002,15929988.0,1,49.856,1934.011449
19,2007,17696293.0,1,50.43,2042.09524
20,1952,14785584.0,2,68.75,11367.16112
20,1957,17010154.0,2,69.96,12489.95006
20,1962,18985849.0,2,71.3,13462.48555
20,1967,20819767.0,2,72.13,16076.58803
20,1972,22284500.0,2,72.88,18970.57086
20,1977,23796400.0,2,74.21,22090.88306
20,1982,25201900.0,2,75.76,22898.79214
20,1987,26549700.0,2,76.86,26626.51503
20,1992,28523502.0,2,77.95,26342.88426
20,1997,30305843.0,2,78.61,28954.92589
20,2002,31902268.0,2,79.77,33328.96507
20,2007,33390141.0,2,80.653,36319.23501
21,1952,1291695.0,1,35.463,1071.310713
21,1957,1392284.0,1,37.464,1190.844328
21,1962,1523478.0,1,39.475,1193.068753
21,1967,1733638.0,1,41.478,1136.056615
21,1972,1927260.0,1,43.457,1070.013275
21,1977,2167533.0,1,46.775,1109.374338
21,1982,2476971.0,1,48.295,956.7529907
21,1987,2840009.0,1,50.485,844.8763504
21,1992,3265124.0,1,49.396,747.9055252
21,1997,3696513.0,1,46.066,740.5063317
21,2002,4048013.0,1,43.308,738.6906068
21,2007,4369038.0,1,44.741,706.016537
22,1952,2682462.0,1,38.092,1178.665927
22,1957,2894855.0,1,39.881,1308.495577
22,1962,3150417.0,1,41.716,1389.817618
22,1967,3495967.0,1,43.601,1196.810565
22,1972,3899068.0,1,45.569,1104.103987
22,1977,4388260.0,1,47.383,1133.98495
22,1982,4875118.0,1,49.517,797.9081006
22,1987,5498955.0,1,51.051,952.386129
22,1992,6429417.0,1,51.724,1058.0643
22,1997,7562011.0,1,51.573,1004.961353
22,2002,8835739.0,1,50.525,1156.18186
22,2007,10238807.0,1,50.651,1704.063724
23,1952,6377619.0,2,54.745,3939.978789
23,1957,7048426.0,2,56.074,4315.622723
23,1962,7961258.0,2,57.924,4519.094331
23,1967,8858908.0,2,60.523,5106.654313
23,1972,9717524.0,2,63.441,5494.024437
23,1977,10599793.0,2,67.052,4756.763836
23,1982,11487112.0,2,70.565,5095.665738
23,1987,12463354.0,2,72.492,5547.063754
23,1992,13572994.0,2,74.126,7596.125964
23,1997,14599929.0,2,75.816,10118.05318
23,2002,15497046.0,2,77.86,10778.78385
23,2007,16284741.0,2,78.553,13171.63885
24,1952,556263528.0,3,44.0,400.4486107
24,1957,637408000.0,3,50.54896,575.9870009
24,1962,665770000.0,3,44.50136,487.6740183
24,1967,754550000.0,3,58.38112,612.7056934
24,1972,862030000.0,3,63.11888,676.9000921
24,1977,943455000.0,3,63.96736,741.2374699
24,1982,1000281000.0,3,65.525,962.4213805
24,1987,1084035000.0,3,67.274,1378.904018
24,1992,1164970000.0,3,68.69,1655.784158
24,1997,1230075000.0,3,70.426,2289.234136
24,2002,1280400000.0,3,72.028,3119.280896
24,2007,1318683096.0,3,72.961,4959.114854
25,1952,12350771.0,2,50.643,2144.115096
25,1957,14485993.0,2,55.118,2323.805581
25,1962,17009885.0,2,57.863,2492.351109
25,1967,19764027.0,2,59.963,2678.729839
25,1972,22542890.0,2,61.623,3264.660041
25,1977,25094412.0,2,63.837,3815.80787
25,1982,27764644.0,2,66.653,4397.575659
25,1987,30964245.0,2,67.768,4903.2191
25,1992,34202721.0,2,68.421,5444.648617
25,1997,37657830.0,2,70.313,6117.361746
25,2002,41008227.0,2,71.682,5755.259962
25,2007,44227550.0,2,72.889,7006.580419
26,1952,153936.0,1,40.715,1102.990936
26,1957,170928.0,1,42.46,1211.148548
26,1962,191689.0,1,44.467,1406.648278
26,1967,217378.0,1,46.472,1876.029643
26,1972,250027.0,1,48.944,1937.577675
26,1977,304739.0,1,50.939,1172.603047
26,1982,348643.0,1,52.933,1267.100083
26,1987,395114.0,1,54.926,1315.980812
26,1992,454429.0,1,57.939,1246.90737
26,1997,527982.0,1,60.66,1173.618235
26,2002,614382.0,1,62.974,1075.811558
26,2007,710960.0,1,65.152,986.1478792
27,1952,14100005.0,1,39.143,780.5423257
27,1957,15577932.0,1,40.652,905.8602303
27,1962,17486434.0,1,42.122,896.3146335
27,1967,19941073.0,1,44.056,861.5932424
27,1972,23007669.0,1,45.989,904.8960685
27,1977,26480870.0,1,47.804,795.757282
27,1982,30646495.0,1,47.784,673.7478181
27,1987,35481645.0,1,47.412,672.774812
27,1992,41672143.0,1,45.548,457.7191807
27,1997,47798986.0,1,42.587,312.188423
27,2002,55379852.0,1,44.966,241.1658765
27,2007,64606759.0,1,46.462,277.5518587
28,1952,854885.0,1,42.111,2125.621418
28,1957,940458.0,1,45.053,2315.056572
28,1962,1047924.0,1,48.435,2464.783157
28,1967,1179760.0,1,52.04,2677.939642
28,1972,1340458.0,1,54.907,3213.152683
28,1977,1536769.0,1,55.625,3259.178978
28,1982,1774735.0,1,56.695,4879.507522
28,1987,2064095.0,1,57.47,4201.194937
28,1992,2409073.0,1,56.433,4016.239529
28,1997,2800947.0,1,52.962,3484.164376
28,2002,3328795.0,1,52.97,3484.06197
28,2007,3800610.0,1,55.322,3632.557798
29,1952,926317.0,2,57.206,2627.009471
29,1957,1112300.0,2,60.026,2990.010802
29,1962,1345187.0,2,62.842,3460.937025
29,1967,1588717.0,2,65.424,4161.727834
29,1972,1834796.0,2,67.849,5118.146939
29,1977,2108457.0,2,70.75,5926.876967
29,1982,2424367.0,2,73.45,5262.734751
29,1987,2799811.0,2,74.752,5629.915318
29,1992,3173216.0,2,75.713,6160.416317
29,1997,3518107.0,2,77.26,6677.045314
29,2002,3834934.0,2,78.123,7723.447195
29,2007,4133884.0,2,78.782,9645.06142
30,1952,2977019.0,1,40.477,1388.594732
30,1957,3300000.0,1,42.469,1500.895925
30,1962,3832408.0,1,44.93,1728.869428
30,1967,4744870.0,1,47.35,2052.050473
30,1972,6071696.0,1,49.801,2378.201111
30,1977,7459574.0,1,52.374,2517.736547
30,1982,9025951.0,1,53.983,2602.710169
30,1987,10761098.0,1,54.655,2156.956069
30,1992,12772596.0,1,52.044,1648.073791
30,1997,14625967.0,1,47.991,1786.265407
30,2002,16252726.0,1,46.832,1648.800823
30,2007,18013409.0,1,48.328,1544.750112
31,1952,3882229.0,4,61.21,3119.23652
31,1957,3991242.0,4,64.77,4338.231617
31,1962,4076557.0,4,67.13,5477.890018
31,1967,4174366.0,4,68.5,6960.297861
31,1972,4225310.0,4,69.61,9164.090127
31,1977,4318673.0,4,70.64,11305.38517
31,1982,4413368.0,4,70.46,13221.82184
31,1987,4484310.0,4,71.52,13822.58394
31,1992,4494013.0,4,72.527,8447.794873
31,1997,4444595.0,4,73.68,9875.604515
31,2002,4481020.0,4,74.876,11628.38895
31,2007,4493312.0,4,75.748,14619.22272
32,1952,6007797.0,2,59.421,5586.53878
32,1957,6640752.0,2,62.325,6092.174359
32,1962,7254373.0,2,65.246,5180.75591
32,1967,8139332.0,2,68.29,5690.268015
32,1972,8831348.0,2,70.723,5305.445256
32,1977,9537988.0,2,72.649,6380.494966
32,1982,9789224.0,2,73.717,7316.918107
32,1987,10239839.0,2,74.174,7532.924763
32,1992,10723260.0,2,74.414,5592.843963
32,1997,10983007.0,2,76.151,5431.990415
32,2002,11226999.0,2,77.158,6340.646683
32,2007,11416987.0,2,78.273,8948.102923
33,1952,9125183.0,4,66.87,6876.14025
33,1957,9513758.0,4,69.03,8256.343918
33,1962,9620282.0,4,69.9,10136.86713
33,1967,9835109.0,4,70.38,11399.44489
33,1972,9862158.0,4,70.29,13108.4536
33,1977,10161915.0,4,70.71,14800.16062
33,1982,10303704.0,4,70.96,15377.22855
33,1987,10311597.0,4,71.58,16310.4434
33,1992,10315702.0,4,72.4,14297.02122
33,1997,10300707.0,4,74.01,16048.51424
33,2002,10256295.0,4,75.51,17596.21022
33,2007,10228744.0,4,76.486,22833.30851
34,1952,4334000.0,4,70.78,9692.385245
34,1957,4487831.0,4,71.81,11099.65935
34,1962,4646899.0,4,72.35,13583.31351
34,1967,4838800.0,4,72.96,15937.21123
34,1972,4991596.0,4,73.47,18866.20721
34,1977,5088419.0,4,74.69,20422.9015
34,1982,5117810.0,4,74.63,21688.04048
34,1987,5127024.0,4,74.8,25116.17581
34,1992,5171393.0,4,75.33,26406.73985
34,1997,5283663.0,4,76.11,29804.34567
34,2002,5374693.0,4,77.18,32166.50006
34,2007,5468120.0,4,78.332,35278.41874
35,1952,63149.0,1,34.812,2669.529475
35,1957,71851.0,1,37.328,2864.969076
35,1962,89898.0,1,39.693,3020.989263
35,1967,127617.0,1,42.074,3020.050513
35,1972,178848.0,1,44.366,3694.212352
35,1977,228694.0,1,46.519,3081.761022
35,1982,305991.0,1,48.812,2879.468067
35,1987,311025.0,1,50.04,2880.102568
35,1992,384156.0,1,51.604,2377.156192
35,1997,417908.0,1,53.157,1895.016984
35,2002,447416.0,1,53.373,1908.260867
35,2007,496374.0,1,54.791,2082.481567
36,1952,2491346.0,2,45.928,1397.717137
36,1957,2923186.0,2,49.828,1544.402995
36,1962,3453434.0,2,53.459,1662.137359
36,1967,4049146.0,2,56.751,1653.723003
36,1972,4671329.0,2,59.631,2189.874499
36,1977,5302800.0,2,61.788,2681.9889
36,1982,5968349.0,2,63.727,2861.092386
36,1987,6655297.0,2,66.046,2899.842175
36,1992,7351181.0,2,68.457,3044.214214
36,1997,7992357.0,2,69.957,3614.101285
36,2002,8650322.0,2,70.847,4563.808154
36,2007,9319622.0,2,72.235,6025.374752
37,1952,3548753.0,2,48.357,3522.110717
37,1957,4058385.0,2,51.356,3780.546651
37,1962,4681707.0,2,54.64,4086.114078
37,1967,5432424.0,2,56.678,4579.074215
37,1972,6298651.0,2,58.796,5280.99471
37,1977,7278866.0,2,61.31,6679.62326
37,1982,8365850.0,2,64.342,7213.791267
37,1987,9545158.0,2,67.231,6481.776993
37,1992,10748394.0,2,69.613,7103.702595
37,1997,11911819.0,2,72.312,7429.455877
37,2002,12921234.0,2,74.173,5773.044512
37,2007,13755680.0,2,74.994,6873.262326
38,1952,22223309.0,1,41.893,1418.822445
38,1957,25009741.0,1,44.444,1458.915272
38,1962,28173309.0,1,46.992,1693.335853
38,1967,31681188.0,1,49.293,1814.880728
38,1972,34807417.0,1,51.137,2024.008147
38,1977,38783863.0,1,53.319,2785.493582
38,1982,45681811.0,1,56.006,3503.729636
38,1987,52799062.0,1,59.797,3885.46071
38,1992,59402198.0,1,63.674,3794.755195
38,1997,66134291.0,1,67.217,4173.181797
38,2002,73312559.0,1,69.806,4754.604414
38,2007,80264543.0,1,71.338,5581.180998
39,1952,2042865.0,2,45.262,3048.3029
39,1957,2355805.0,2,48.57,3421.523218
39,1962,2747687.0,2,52.307,3776.803627
39,1967,3232927.0,2,55.855,4358.595393
39,1972,3790903.0,2,58.207,4520.246008
39,1977,4282586.0,2,56.696,5138.922374
39,1982,4474873.0,2,56.604,4098.344175
39,1987,4842194.0,2,63.154,4140.442097
39,1992,5274649.0,2,66.798,4444.2317
39,1997,5783439.0,2,69.535,5154.825496
39,2002,6353681.0,2,70.734,5351.568666
39,2007,6939688.0,2,71.878,5728.353514
40,1952,216964.0,1,34.482,375.6431231
40,1957,232922.0,1,35.983,426.0964081
40,1962,249220.0,1,37.485,582.8419714
40,1967,259864.0,1,38.987,915.5960025
40,1972,277603.0,1,40.516,672.4122571
40,1977,192675.0,1,42.024,958.5668124
40,1982,285483.0,1,43.662,927.8253427
40,1987,341244.0,1,45.664,966.8968149
40,1992,387838.0,1,47.545,1132.055034
40,1997,439971.0,1,48.245,2814.480755
40,2002,495627.0,1,49.348,7703.4959
40,2007,551201.0,1,51.579,12154.08975
41,1952,1438760.0,1,35.928,328.9405571
41,1957,1542611.0,1,38.047,344.1618859
41,1962,1666618.0,1,40.158,380.9958433
41,1967,1820319.0,1,42.189,468.7949699
41,1972,2260187.0,1,44.142,514.3242082
41,1977,2512642.0,1,44.535,505.7538077
41,1982,2637297.0,1,43.89,524.8758493
41,1987,2915959.0,1,46.453,521.1341333
41,1992,3668440.0,1,49.991,582.8585102
41,1997,4058319.0,1,53.378,913.47079
41,2002,4414865.0,1,55.24,765.3500015
41,2007,4906585.0,1,58.04,641.3695236
42,1952,20860941.0,1,34.078,362.1462796
42,1957,22815614.0,1,36.667,378.9041632
42,1962,25145372.0,1,40.059,419.4564161
42,1967,27860297.0,1,42.115,516.1186438
42,1972,30770372.0,1,43.515,566.2439442
42,1977,34617799.0,1,44.51,556.8083834
42,1982,38111756.0,1,44.916,577.8607471
42,1987,42999530.0,1,46.684,573.7413142
42,1992,52088559.0,1,48.091,421.3534653
42,1997,59861301.0,1,49.402,515.8894013
42,2002,67946797.0,1,50.725,530.0535319
42,2007,76511887.0,1,52.947,690.8055759
43,1952,4090500.0,4,66.55,6424.519071
43,1957,4324000.0,4,67.49,7545.415386
43,1962,4491443.0,4,68.75,9371.842561
43,1967,4605744.0,4,69.83,10921.63626
43,1972,4639657.0,4,70.87,14358.8759
43,1977,4738902.0,4,72.52,15605.42283
43,1982,4826933.0,4,74.55,18533.15761
43,1987,4931729.0,4,74.83,21141.01223
43,1992,5041039.0,4,75.7,20647.16499
43,1997,5134406.0,4,77.13,23723.9502
43,2002,5193039.0,4,78.37,28204.59057
43,2007,5238460.0,4,79.313,33207.0844
44,1952,42459667.0,4,67.41,7029.809327
44,1957,44310863.0,4,68.93,8662.834898
44,1962,47124000.0,4,70.51,10560.48553
44,1967,49569000.0,4,71.55,12999.91766
44,1972,51732000.0,4,72.38,16107.19171
44,1977,53165019.0,4,73.83,18292.63514
44,1982,54433565.0,4,74.89,20293.89746
44,1987,55630100.0,4,76.34,22066.44214
44,1992,57374179.0,4,77.46,24703.79615
44,1997,58623428.0,4,78.64,25889.78487
44,2002,59925035.0,4,79.59,28926.03234
44,2007,61083916.0,4,80.657,30470.0167
45,1952,420702.0,1,37.003,4293.476475
45,1957,434904.0,1,38.999,4976.198099
45,1962,455661.0,1,40.489,6631.459222
45,1967,489004.0,1,44.598,8358.761987
45,1972,537977.0,1,48.69,11401.94841
45,1977,706367.0,1,52.79,21745.57328
45,1982,753874.0,1,56.564,15113.36194
45,1987,880397.0,1,60.19,11864.40844
45,1992,985739.0,1,61.366,13522.15752
45,1997,1126189.0,1,60.461,14722.84188
45,2002,1299304.0,1,56.761,12521.71392
45,2007,1454867.0,1,56.735,13206.48452
46,1952,284320.0,1,30.0,485.2306591
46,1957,323150.0,1,32.065,520.9267111
46,1962,374020.0,1,33.896,599.650276
46,1967,439593.0,1,35.857,734.7829124
46,1972,517101.0,1,38.308,756.0868363
46,1977,608274.0,1,41.842,884.7552507
46,1982,715523.0,1,45.58,835.8096108
46,1987,848406.0,1,49.265,611.6588611
46,1992,1025384.0,1,52.644,665.6244126
46,1997,1235767.0,1,55.861,653.7301704
46,2002,1457766.0,1,58.041,660.5855997
46,2007,1688359.0,1,59.448,752.7497265
47,1952,69145952.0,4,67.5,7144.114393
47,1957,71019069.0,4,69.1,10187.82665
47,1962,73739117.0,4,70.3,12902.46291
47,1967,76368453.0,4,70.8,14745.62561
47,1972,78717088.0,4,71.0,18016.18027
47,1977,78160773.0,4,72.5,20512.92123
47,1982,78335266.0,4,73.8,22031.53274
47,1987,77718298.0,4,74.847,24639.18566
47,1992,80597764.0,4,76.07,26505.30317
47,1997,82011073.0,4,77.34,27788.88416
47,2002,82350671.0,4,78.67,30035.80198
47,2007,82400996.0,4,79.406,32170.37442
48,1952,5581001.0,1,43.149,911.2989371
48,1957,6391288.0,1,44.779,1043.561537
48,1962,7355248.0,1,46.452,1190.041118
48,1967,8490213.0,1,48.072,1125.69716
48,1972,9354120.0,1,49.875,1178.223708
48,1977,10538093.0,1,51.756,993.2239571
48,1982,11400338.0,1,53.744,876.032569
48,1987,14168101.0,1,55.729,847.0061135
48,1992,16278738.0,1,57.501,925.060154
48,1997,18418288.0,1,58.556,1005.245812
48,2002,20550751.0,1,58.453,1111.984578
48,2007,22873338.0,1,60.022,1327.60891
49,1952,7733250.0,4,65.86,3530.690067
49,1957,8096218.0,4,67.86,4916.299889
49,1962,8448233.0,4,69.51,6017.190733
49,1967,8716441.0,4,71.0,8513.097016
49,1972,8888628.0,4,72.34,12724.82957
49,1977,9308479.0,4,73.68,14195.52428
49,1982,9786480.0,4,75.24,15268.42089
49,1987,9974490.0,4,76.67,16120.52839
49,1992,10325429.0,4,77.03,17541.49634
49,1997,10502372.0,4,77.869,18747.69814
49,2002,10603863.0,4,78.256,22514.2548
49,2007,10706290.0,4,79.483,27538.41188
50,1952,3146381.0,2,42.023,2428.237769
50,1957,3640876.0,2,44.142,2617.155967
50,1962,4208858.0,2,46.954,2750.364446
50,1967,4690773.0,2,50.016,3242.531147
50,1972,5149581.0,2,53.738,4031.408271
50,1977,5703430.0,2,56.029,4879.992748
50,1982,6395630.0,2,58.137,4820.49479
50,1987,7326406.0,2,60.782,4246.485974
50,1992,8486949.0,2,63.373,4439.45084
50,1997,9803875.0,2,66.322,4684.313807
50,2002,11178650.0,2,68.978,4858.347495
50,2007,12572928.0,2,70.259,5186.050003
51,1952,2664249.0,1,33.609,510.1964923
51,1957,2876726.0,1,34.558,576.2670245
51,1962,3140003.0,1,35.753,686.3736739
51,1967,3451418.0,1,37.197,708.7595409
51,1972,3811387.0,1,38.842,741.6662307
51,1977,4227026.0,1,40.762,874.6858643
51,1982,4710497.0,1,42.891,857.2503577
51,1987,5650262.0,1,45.552,805.5724718
51,1992,6990574.0,1,48.576,794.3484384
51,1997,8048834.0,1,51.455,869.4497668
51,2002,8807818.0,1,53.676,945.5835837
51,2007,9947814.0,1,56.007,942.6542111
52,1952,580653.0,1,32.5,299.850319
52,1957,601095.0,1,33.489,431.7904566
52,1962,627820.0,1,34.488,522.0343725
52,1967,601287.0,1,35.492,715.5806402
52,1972,625361.0,1,36.486,820.2245876
52,1977,745228.0,1,37.465,764.7259628
52,1982,825987.0,1,39.327,838.1239671
52,1987,927524.0,1,41.245,736.4153921
52,1992,1050938.0,1,43.266,745.5398706
52,1997,1193708.0,1,44.873,796.6644681
52,2002,1332459.0,1,45.504,575.7047176
52,2007,1472041.0,1,46.388,579.231743
53,1952,3201488.0,2,37.579,1840.366939
53,1957,3507701.0,2,40.696,1726.887882
53,1962,3880130.0,2,43.59,1796.589032
53,1967,4318137.0,2,46.243,1452.057666
53,1972,4698301.0,2,48.042,1654.456946
53,1977,4908554.0,2,49.923,1874.298931
53,1982,5198399.0,2,51.461,2011.159549
53,1987,5756203.0,2,53.636,1823.015995
53,1992,6326682.0,2,55.089,1456.309517
53,1997,6913545.0,2,56.671,1341.726931
53,2002,7607651.0,2,58.137,1270.364932
53,2007,8502814.0,2,60.916,1201.637154
54,1952,1517453.0,2,41.912,2194.926204
54,1957,1770390.0,2,44.665,2220.487682
54,1962,2090162.0,2,48.041,2291.156835
54,1967,2500689.0,2,50.924,2538.269358
54,1972,2965146.0,2,53.884,2529.842345
54,1977,3055235.0,2,57.402,3203.208066
54,1982,3669448.0,2,60.909,3121.760794
54,1987,4372203.0,2,64.492,3023.096699
54,1992,5077347.0,2,66.399,3081.694603
54,1997,5867957.0,2,67.659,3160.454906
54,2002,6677328.0,2,68.565,3099.72866
54,2007,7483763.0,2,70.198,3548.330846
55,1952,2125900.0,3,60.96,3054.421209
55,1957,2736300.0,3,64.75,3629.076457
55,1962,3305200.0,3,67.65,4692.648272
55,1967,3722800.0,3,70.0,6197.962814
55,1972,4115700.0,3,72.0,8315.928145
55,1977,4583700.0,3,73.6,11186.14125
55,1982,5264500.0,3,75.45,14560.53051
55,1987,5584510.0,3,76.2,20038.47269
55,1992,5829696.0,3,77.601,24757.60301
55,1997,6495918.0,3,80.0,28377.63219
55,2002,6762476.0,3,81.495,30209.01516
55,2007,6980412.0,3,82.208,39724.97867
56,1952,9504000.0,4,64.03,5263.673816
56,1957,9839000.0,4,66.41,6040.180011
56,1962,10063000.0,4,67.96,7550.359877
56,1967,10223422.0,4,69.5,9326.64467
56,1972,10394091.0,4,69.76,10168.65611
56,1977,10637171.0,4,69.95,11674.83737
56,1982,10705535.0,4,69.39,12545.99066
56,1987,10612740.0,4,69.58,12986.47998
56,1992,10348684.0,4,69.17,10535.62855
56,1997,10244684.0,4,71.04,11712.7768
56,2002,10083313.0,4,72.59,14843.93556
56,2007,9956108.0,4,73.338,18008.94444
57,1952,147962.0,4,72.49,7267.688428
57,1957,165110.0,4,73.47,9244.001412
57,1962,182053.0,4,73.68,10350.15906
57,1967,198676.0,4,73.73,13319.89568
57,1972,209275.0,4,74.46,15798.06362
57,1977,221823.0,4,76.11,19654.96247
57,1982,233997.0,4,76.99,23269.6075
57,1987,244676.0,4,77.23,26923.20628
57,1992,259012.0,4,78.77,25144.39201
57,1997,271192.0,4,78.95,28061.09966
57,2002,288030.0,4,80.5,31163.20196
57,2007,301931.0,4,81.757,36180.78919
58,1952,372000000.0,3,37.373,546.5657493
58,1957,409000000.0,3,40.249,590.061996
58,1962,454000000.0,3,43.605,658.3471509
58,1967,506000000.0,3,47.193,700.7706107
58,1972,567000000.0,3,50.651,724.032527
58,1977,634000000.0,3,54.208,813.337323
58,1982,708000000.0,3,56.596,855.7235377
58,1987,788000000.0,3,58.553,976.5126756
58,1992,872000000.0,3,60.223,1164.406809
58,1997,959000000.0,3,61.765,1458.817442
58,2002,1034172547.0,3,62.879,1746.769454
58,2007,1110396331.0,3,64.698,2452.210407
59,1952,82052000.0,3,37.468,749.6816546
59,1957,90124000.0,3,39.918,858.9002707
59,1962,99028000.0,3,42.518,849.2897701
59,1967,109343000.0,3,45.964,762.4317721
59,1972,121282000.0,3,49.203,1111.107907
59,1977,136725000.0,3,52.702,1382.702056
59,1982,153343000.0,3,56.159,1516.872988
59,1987,169276000.0,3,60.137,1748.356961
59,1992,184816000.0,3,62.681,2383.140898
59,1997,199278000.0,3,66.041,3119.335603
59,2002,211060000.0,3,68.588,2873.91287
59,2007,223547000.0,3,70.65,3540.651564
60,1952,17272000.0,3,44.869,3035.326002
60,1957,19792000.0,3,47.181,3290.257643
60,1962,22874000.0,3,49.325,4187.329802
60,1967,26538000.0,3,52.469,5906.731805
60,1972,30614000.0,3,55.234,9613.818607
60,1977,35480679.0,3,57.702,11888.59508
60,1982,43072751.0,3,59.62,7608.334602
60,1987,51889696.0,3,63.04,6642.881371
60,1992,60397973.0,3,65.742,7235.653188
60,1997,63327987.0,3,68.042,8263.590301
60,2002,66907826.0,3,69.451,9240.761975
60,2007,69453570.0,3,70.964,11605.71449
61,1952,5441766.0,3,45.32,4129.766056
61,1957,6248643.0,3,48.437,6229.333562
61,1962,7240260.0,3,51.457,8341.737815
61,1967,8519282.0,3,54.459,8931.459811
61,1972,10061506.0,3,56.95,9576.037596
61,1977,11882916.0,3,60.413,14688.23507
61,1982,14173318.0,3,62.038,14517.90711
61,1987,16543189.0,3,65.044,11643.57268
61,1992,17861905.0,3,59.461,3745.640687
61,1997,20775703.0,3,58.811,3076.239795
61,2002,24001816.0,3,57.046,4390.717312
61,2007,27499638.0,3,59.545,4471.061906
62,1952,2952156.0,4,66.91,5210.280328
62,1957,2878220.0,4,68.9,5599.077872
62,1962,2830000.0,4,70.29,6631.597314
62,1967,2900100.0,4,71.08,7655.568963
62,1972,3024400.0,4,71.28,9530.772896
62,1977,3271900.0,4,72.03,11150.98113
62,1982,3480000.0,4,73.1,12618.32141
62,1987,3539900.0,4,74.36,13872.86652
62,1992,3557761.0,4,75.467,17558.81555
62,1997,3667233.0,4,76.122,24521.94713
62,2002,3879155.0,4,77.783,34077.04939
62,2007,4109086.0,4,78.885,40675.99635
63,1952,1620914.0,3,65.39,4086.522128
63,1957,1944401.0,3,67.84,5385.278451
63,1962,2310904.0,3,69.39,7105.630706
63,1967,2693585.0,3,70.75,8393.741404
63,1972,3095893.0,3,71.63,12786.93223
63,1977,3495918.0,3,73.06,13306.61921
63,1982,3858421.0,3,74.45,15367.0292
63,1987,4203148.0,3,75.6,17122.47986
63,1992,4936550.0,3,76.93,18051.52254
63,1997,5531387.0,3,78.269,20896.60924
63,2002,6029529.0,3,79.696,21905.59514
63,2007,6426679.0,3,80.745,25523.2771
64,1952,47666000.0,4,65.94,4931.404155
64,1957,49182000.0,4,67.81,6248.656232
64,1962,50843200.0,4,69.24,8243.58234
64,1967,52667100.0,4,71.06,10022.40131
64,1972,54365564.0,4,72.19,12269.27378
64,1977,56059245.0,4,73.48,14255.98475
64,1982,56535636.0,4,74.98,16537.4835
64,1987,56729703.0,4,76.42,19207.23482
64,1992,56840847.0,4,77.44,22013.64486
64,1997,57479469.0,4,78.82,24675.02446
64,2002,57926999.0,4,80.24,27968.09817
64,2007,58147733.0,4,80.546,28569.7197
65,1952,1426095.0,2,58.53,2898.530881
65,1957,1535090.0,2,62.61,4756.525781
65,1962,1665128.0,2,65.61,5246.107524
65,1967,1861096.0,2,67.51,6124.703451
65,1972,1997616.0,2,69.0,7433.889293
65,1977,2156814.0,2,70.11,6650.195573
65,1982,2298309.0,2,71.21,6068.05135
65,1987,2326606.0,2,71.77,6351.237495
65,1992,2378618.0,2,71.766,7404.923685
65,1997,2531311.0,2,72.262,7121.924704
65,2002,2664659.0,2,72.047,6994.774861
65,2007,2780132.0,2,72.567,7320.880262
66,1952,86459025.0,3,63.03,3216.956347
66,1957,91563009.0,3,65.5,4317.694365
66,1962,95831757.0,3,68.73,6576.649461
66,1967,100825279.0,3,71.43,9847.788607
66,1972,107188273.0,3,73.42,14778.78636
66,1977,113872473.0,3,75.38,16610.37701
66,1982,118454974.0,3,77.11,19384.10571
66,1987,122091325.0,3,78.67,22375.94189
66,1992,124329269.0,3,79.36,26824.89511
66,1997,125956499.0,3,80.69,28816.58499
66,2002,127065841.0,3,82.0,28604.5919
66,2007,127467972.0,3,82.603,31656.06806
67,1952,607914.0,3,43.158,1546.907807
67,1957,746559.0,3,45.669,1886.080591
67,1962,933559.0,3,48.126,2348.009158
67,1967,1255058.0,3,51.629,2741.796252
67,1972,1613551.0,3,56.528,2110.856309
67,1977,1937652.0,3,61.134,2852.351568
67,1982,2347031.0,3,63.739,4161.415959
67,1987,2820042.0,3,65.869,4448.679912
67,1992,3867409.0,3,68.015,3431.593647
67,1997,4526235.0,3,69.772,3645.379572
67,2002,5307470.0,3,71.263,3844.917194
67,2007,6053193.0,3,72.535,4519.461171
68,1952,6464046.0,1,42.27,853.540919
68,1957,7454779.0,1,44.686,944.4383152
68,1962,8678557.0,1,47.949,896.9663732
68,1967,10191512.0,1,50.654,1056.736457
68,1972,12044785.0,1,53.559,1222.359968
68,1977,14500404.0,1,56.155,1267.613204
68,1982,17661452.0,1,58.766,1348.225791
68,1987,21198082.0,1,59.339,1361.936856
68,1992,25020539.0,1,59.285,1341.921721
68,1997,28263827.0,1,54.407,1360.485021
68,2002,31386842.0,1,50.992,1287.514732
68,2007,35610177.0,1,54.11,1463.249282
69,1952,8865488.0,3,50.056,1088.277758
69,1957,9411381.0,3,54.081,1571.134655
69,1962,10917494.0,3,56.656,1621.693598
69,1967,12617009.0,3,59.942,2143.540609
69,1972,14781241.0,3,63.983,3701.621503
69,1977,16325320.0,3,67.159,4106.301249
69,1982,17647518.0,3,69.1,4106.525293
69,1987,19067554.0,3,70.647,4106.492315
69,1992,20711375.0,3,69.978,3726.063507
69,1997,21585105.0,3,67.727,1690.756814
69,2002,22215365.0,3,66.662,1646.758151
69,2007,23301725.0,3,67.297,1593.06548
70,1952,20947571.0,3,47.453,1030.592226
70,1957,22611552.0,3,52.681,1487.593537
70,1962,26420307.0,3,55.292,1536.344387
70,1967,30131000.0,3,57.716,2029.228142
70,1972,33505000.0,3,62.612,3030.87665
70,1977,36436000.0,3,64.766,4657.22102
70,1982,39326000.0,3,67.123,5622.942464
70,1987,41622000.0,3,69.81,8533.088805
70,1992,43805450.0,3,72.244,12104.27872
70,1997,46173816.0,3,74.647,15993.52796
70,2002,47969150.0,3,77.045,19233.98818
70,2007,49044790.0,3,78.623,23348.13973
71,1952,160000.0,3,55.565,108382.3529
71,1957,212846.0,3,58.033,113523.1329
71,1962,358266.0,3,60.47,95458.11176
71,1967,575003.0,3,64.624,80894.88326
71,1972,841934.0,3,67.712,109347.867
71,1977,1140357.0,3,69.343,59265.47714
71,1982,1497494.0,3,71.309,31354.03573
71,1987,1891487.0,3,74.174,28118.42998
71,1992,1418095.0,3,75.19,34932.91959
71,1997,1765345.0,3,76.156,40300.61996
71,2002,2111561.0,3,76.904,35110.10566
71,2007,2505559.0,3,77.588,47306.98978
72,1952,1439529.0,3,55.928,4834.804067
72,1957,1647412.0,3,59.489,6089.786934
72,1962,1886848.0,3,62.094,5714.560611
72,1967,2186894.0,3,63.87,6006.983042
72,1972,2680018.0,3,65.421,7486.384341
72,1977,3115787.0,3,66.099,8659.696836
72,1982,3086876.0,3,66.983,7640.519521
72,1987,3089353.0,3,67.926,5377.091329
72,1992,3219994.0,3,69.292,6890.806854
72,1997,3430388.0,3,70.265,8754.96385
72,2002,3677780.0,3,71.028,9313.93883
72,2007,3921278.0,3,71.993,10461.05868
73,1952,748747.0,1,42.138,298.8462121
73,1957,813338.0,1,45.047,335.9971151
73,1962,893143.0,1,47.747,411.8006266
73,1967,996380.0,1,48.492,498.6390265
73,1972,1116779.0,1,49.767,496.5815922
73,1977,1251524.0,1,52.208,745.3695408
73,1982,1411807.0,1,55.078,797.2631074
73,1987,1599200.0,1,57.18,773.9932141
73,1992,1803195.0,1,59.685,977.4862725
73,1997,1982823.0,1,55.558,1186.147994
73,2002,2046772.0,1,44.593,1275.184575
73,2007,2012649.0,1,42.592,1569.331442
74,1952,863308.0,1,38.48,575.5729961
74,1957,975950.0,1,39.486,620.9699901
74,1962,1112796.0,1,40.502,634.1951625
74,1967,1279406.0,1,41.536,713.6036483
74,1972,1482628.0,1,42.614,803.0054535
74,1977,1703617.0,1,43.764,640.3224383
74,1982,1956875.0,1,44.852,572.1995694
74,1987,2269414.0,1,46.027,506.1138573
74,1992,1912974.0,1,40.802,636.6229191
74,1997,2200725.0,1,42.221,609.1739508
74,2002,2814651.0,1,43.753,531.4823679
74,2007,3193942.0,1,45.678,414.5073415
75,1952,1019729.0,1,42.723,2387.54806
75,1957,1201578.0,1,45.289,3448.284395
75,1962,1441863.0,1,47.808,6757.030816
75,1967,1759224.0,1,50.227,18772.75169
75,1972,2183877.0,1,52.773,21011.49721
75,1977,2721783.0,1,57.442,21951.21176
75,1982,3344074.0,1,62.155,17364.27538
75,1987,3799845.0,1,66.234,11770.5898
75,1992,4364501.0,1,68.755,9640.138501
75,1997,4759670.0,1,71.555,9467.446056
75,2002,5368585.0,1,72.737,9534.677467
75,2007,6036914.0,1,73.952,12057.49928
76,1952,4762912.0,1,36.681,1443.011715
76,1957,5181679.0,1,38.865,1589.20275
76,1962,5703324.0,1,40.848,1643.38711
76,1967,6334556.0,1,42.881,1634.047282
76,1972,7082430.0,1,44.851,1748.562982
76,1977,8007166.0,1,46.881,1544.228586
76,1982,9171477.0,1,48.969,1302.878658
76,1987,10568642.0,1,49.35,1155.441948
76,1992,12210395.0,1,52.214,1040.67619
76,1997,14165114.0,1,54.978,986.2958956
76,2002,16473477.0,1,57.286,894.6370822
76,2007,19167654.0,1,59.443,1044.770126
77,1952,2917802.0,1,36.256,369.1650802
77,1957,3221238.0,1,37.207,416.3698064
77,1962,3628608.0,1,38.41,427.9010856
77,1967,4147252.0,1,39.487,495.5147806
77,1972,4730997.0,1,41.766,584.6219709
77,1977,5637246.0,1,43.767,663.2236766
77,1982,6502825.0,1,45.642,632.8039209
77,1987,7824747.0,1,47.457,635.5173634
77,1992,10014249.0,1,49.42,563.2000145
77,1997,10419991.0,1,47.495,692.2758103
77,2002,11824495.0,1,45.009,665.4231186
77,2007,13327079.0,1,48.303,759.3499101
78,1952,6748378.0,3,48.463,1831.132894
78,1957,7739235.0,3,52.102,1810.066992
78,1962,8906385.0,3,55.737,2036.884944
78,1967,10154878.0,3,59.371,2277.742396
78,1972,11441462.0,3,63.01,2849.09478
78,1977,12845381.0,3,65.256,3827.921571
78,1982,14441916.0,3,68.0,4920.355951
78,1987,16331785.0,3,69.5,5249.802653
78,1992,18319502.0,3,70.693,7277.912802
78,1997,20476091.0,3,71.938,10132.90964
78,2002,22662365.0,3,73.044,10206.97794
78,2007,24821286.0,3,74.241,12451.6558
79,1952,3838168.0,1,33.685,452.3369807
79,1957,4241884.0,1,35.307,490.3821867
79,1962,4690372.0,1,36.936,496.1743428
79,1967,5212416.0,1,38.487,545.0098873
79,1972,5828158.0,1,39.977,581.3688761
79,1977,6491649.0,1,41.714,686.3952693
79,1982,6998256.0,1,43.916,618.0140641
79,1987,7634008.0,1,46.364,684.1715576
79,1992,8416215.0,1,48.388,739.014375
79,1997,9384984.0,1,49.903,790.2579846
79,2002,10580176.0,1,51.818,951.4097518
79,2007,12031795.0,1,54.467,1042.581557
80,1952,1022556.0,1,40.543,743.1159097
80,1957,1076852.0,1,42.338,846.1202613
80,1962,1146757.0,1,44.248,1055.896036
80,1967,1230542.0,1,46.289,1421.145193
80,1972,1332786.0,1,48.437,1586.851781
80,1977,1456688.0,1,50.852,1497.492223
80,1982,1622136.0,1,53.599,1481.150189
80,1987,1841240.0,1,56.145,1421.603576
80,1992,2119465.0,1,58.333,1361.369784
80,1997,2444741.0,1,60.43,1483.136136
80,2002,2828858.0,1,62.247,1579.019543
80,2007,3270065.0,1,64.164,1803.151496
81,1952,516556.0,1,50.986,1967.955707
81,1957,609816.0,1,58.089,2034.037981
81,1962,701016.0,1,60.246,2529.067487
81,1967,789309.0,1,61.557,2475.387562
81,1972,851334.0,1,62.944,2575.484158
81,1977,913025.0,1,64.93,3710.982963
81,1982,992040.0,1,66.711,3688.037739
81,1987,1042663.0,1,68.74,4783.586903
81,1992,1096202.0,1,69.745,6058.253846
81,1997,1149818.0,1,70.736,7425.705295
81,2002,1200206.0,1,71.954,9021.815894
81,2007,1250882.0,1,72.801,10956.99112
82,1952,30144317.0,2,50.789,3478.125529
82,1957,35015548.0,2,55.19,4131.546641
82,1962,41121485.0,2,58.299,4581.609385
82,1967,47995559.0,2,60.11,5754.733883
82,1972,55984294.0,2,62.361,6809.40669
82,1977,63759976.0,2,65.032,7674.929108
82,1982,71640904.0,2,67.405,9611.147541
82,1987,80122492.0,2,69.498,8688.156003
82,1992,88111030.0,2,71.455,9472.384295
82,1997,95895146.0,2,73.67,9767.29753
82,2002,102479927.0,2,74.902,10742.44053
82,2007,108700891.0,2,76.195,11977.57496
83,1952,800663.0,3,42.244,786.5668575
83,1957,882134.0,3,45.248,912.6626085
83,1962,1010280.0,3,48.251,1056.353958
83,1967,1149500.0,3,51.253,1226.04113
83,1972,1320500.0,3,53.754,1421.741975
83,1977,1528000.0,3,55.491,1647.511665
83,1982,1756032.0,3,57.489,2000.603139
83,1987,2015133.0,3,60.222,2338.008304
83,1992,2312802.0,3,61.271,1785.402016
83,1997,2494803.0,3,63.625,1902.2521
83,2002,2674234.0,3,65.033,2140.739323
83,2007,2874127.0,3,66.803,3095.772271
84,1952,413834.0,4,59.164,2647.585601
84,1957,442829.0,4,61.448,3682.259903
84,1962,474528.0,4,63.728,4649.593785
84,1967,501035.0,4,67.178,5907.850937
84,1972,527678.0,4,70.636,7778.414017
84,1977,560073.0,4,73.066,9595.929905
84,1982,562548.0,4,74.101,11222.58762
84,1987,569473.0,4,74.865,11732.51017
84,1992,621621.0,4,75.435,7003.339037
84,1997,692651.0,4,75.445,6465.613349
84,2002,720230.0,4,73.981,6557.194282
84,2007,684736.0,4,74.543,9253.896111
85,1952,9939217.0,1,42.873,1688.20357
85,1957,11406350.0,1,45.423,1642.002314
85,1962,13056604.0,1,47.924,1566.353493
85,1967,14770296.0,1,50.335,1711.04477
85,1972,16660670.0,1,52.862,1930.194975
85,1977,18396941.0,1,55.73,2370.619976
85,1982,20198730.0,1,59.65,2702.620356
85,1987,22987397.0,1,62.677,2755.046991
85,1992,25798239.0,1,65.393,2948.047252
85,1997,28529501.0,1,67.66,2982.101858
85,2002,31167783.0,1,69.615,3258.495584
85,2007,33757175.0,1,71.164,3820.17523
86,1952,6446316.0,1,31.286,468.5260381
86,1957,7038035.0,1,33.779,495.5868333
86,1962,7788944.0,1,36.161,556.6863539
86,1967,8680909.0,1,38.113,566.6691539
86,1972,9809596.0,1,40.328,724.9178037
86,1977,11127868.0,1,42.495,502.3197334
86,1982,12587223.0,1,42.795,462.2114149
86,1987,12891952.0,1,42.861,389.8761846
86,1992,13160731.0,1,44.284,410.8968239
86,1997,16603334.0,1,46.344,472.3460771
86,2002,18473780.0,1,44.026,633.6179466
86,2007,19951656.0,1,42.082,823.6856205
87,1952,20092996.0,3,36.319,331.0
87,1957,21731844.0,3,41.905,350.0
87,1962,23634436.0,3,45.108,388.0
87,1967,25870271.0,3,49.379,349.0
87,1972,28466390.0,3,53.07,357.0
87,1977,31528087.0,3,56.059,371.0
87,1982,34680442.0,3,58.056,424.0
87,1987,38028578.0,3,58.339,385.0
87,1992,40546538.0,3,59.32,347.0
87,1997,43247867.0,3,60.328,415.0
87,2002,45598081.0,3,59.908,611.0
87,2007,47761980.0,3,62.069,944.0
88,1952,485831.0,1,41.725,2423.780443
88,1957,548080.0,1,45.226,2621.448058
88,1962,621392.0,1,48.386,3173.215595
88,1967,706640.0,1,51.159,3793.694753
88,1972,821782.0,1,53.867,3746.080948
88,1977,977026.0,1,56.437,3876.485958
88,1982,1099010.0,1,58.968,4191.100511
88,1987,1278184.0,1,60.835,3693.731337
88,1992,1554253.0,1,61.999,3804.537999
88,1997,1774766.0,1,58.909,3899.52426
88,2002,1972153.0,1,51.479,4072.324751
88,2007,2055080.0,1,52.906,4811.060429
89,1952,9182536.0,3,36.157,545.8657229
89,1957,9682338.0,3,37.686,597.9363558
89,1962,10332057.0,3,39.393,652.3968593
89,1967,11261690.0,3,41.472,676.4422254
89,1972,12412593.0,3,43.971,674.7881296
89,1977,13933198.0,3,46.748,694.1124398
89,1982,15796314.0,3,49.594,718.3730947
89,1987,17917180.0,3,52.537,775.6324501
89,1992,20326209.0,3,55.727,897.7403604
89,1997,23001113.0,3,59.426,1010.892138
89,2002,25873917.0,3,61.34,1057.206311
89,2007,28901790.0,3,63.785,1091.359778
90,1952,10381988.0,4,72.13,8941.571858
90,1957,11026383.0,4,72.99,11276.19344
90,1962,11805689.0,4,73.23,12790.84956
90,1967,12596822.0,4,73.82,15363.25136
90,1972,13329874.0,4,73.75,18794.74567
90,1977,13852989.0,4,75.24,21209.0592
90,1982,14310401.0,4,76.05,21399.46046
90,1987,14665278.0,4,76.83,23651.32361
90,1992,15174244.0,4,77.42,26790.94961
90,1997,15604464.0,4,78.03,30246.13063
90,2002,16122830.0,4,78.53,33724.75778
90,2007,16570613.0,4,79.762,36797.93332
91,1952,1994794.0,5,69.39,10556.57566
91,1957,2229407.0,5,70.26,12247.39532
91,1962,2488550.0,5,71.24,13175.678
91,1967,2728150.0,5,71.52,14463.91893
91,1972,2929100.0,5,71.89,16046.03728
91,1977,3164900.0,5,72.22,16233.7177
91,1982,3210650.0,5,73.84,17632.4104
91,1987,3317166.0,5,74.32,19007.19129
91,1992,3437674.0,5,76.33,18363.32494
91,1997,3676187.0,5,77.55,21050.41377
91,2002,3908037.0,5,79.11,23189.80135
91,2007,4115771.0,5,80.204,25185.00911
92,1952,1165790.0,2,42.314,3112.363948
92,1957,1358828.0,2,45.432,3457.415947
92,1962,1590597.0,2,48.632,3634.364406
92,1967,1865490.0,2,51.884,4643.393534
92,1972,2182908.0,2,55.151,4688.593267
92,1977,2554598.0,2,57.47,5486.371089
92,1982,2979423.0,2,59.298,3470.338156
92,1987,3344353.0,2,62.008,2955.984375
92,1992,4017939.0,2,65.843,2170.151724
92,1997,4609572.0,2,68.426,2253.023004
92,2002,5146848.0,2,70.836,2474.548819
92,2007,5675356.0,2,72.899,2749.320965
93,1952,3379468.0,1,37.444,761.879376
93,1957,3692184.0,1,38.598,835.5234025
93,1962,4076008.0,1,39.487,997.7661127
93,1967,4534062.0,1,40.118,1054.384891
93,1972,5060262.0,1,40.546,954.2092363
93,1977,5682086.0,1,41.291,808.8970728
93,1982,6437188.0,1,42.598,909.7221354
93,1987,7332638.0,1,44.555,668.3000228
93,1992,8392818.0,1,47.391,581.182725
93,1997,9666252.0,1,51.313,580.3052092
93,2002,11140655.0,1,54.496,601.0745012
93,2007,12894865.0,1,56.867,619.6768924
94,1952,33119096.0,1,36.324,1077.281856
94,1957,37173340.0,1,37.802,1100.592563
94,1962,41871351.0,1,39.36,1150.927478
94,1967,47287752.0,1,41.04,1014.514104
94,1972,53740085.0,1,42.821,1698.388838
94,1977,62209173.0,1,44.514,1981.951806
94,1982,73039376.0,1,45.826,1576.97375
94,1987,81551520.0,1,46.886,1385.029563
94,1992,93364244.0,1,47.472,1619.848217
94,1997,106207839.0,1,47.464,1624.941275
94,2002,119901274.0,1,46.608,1615.286395
94,2007,135031164.0,1,46.859,2013.977305
95,1952,3327728.0,4,72.67,10095.42172
95,1957,3491938.0,4,73.44,11653.97304
95,1962,3638919.0,4,73.47,13450.40151
95,1967,3786019.0,4,74.08,16361.87647
95,1972,3933004.0,4,74.34,18965.05551
95,1977,4043205.0,4,75.37,23311.34939
95,1982,4114787.0,4,75.97,26298.63531
95,1987,4186147.0,4,75.89,31540.9748
95,1992,4286357.0,4,77.32,33965.66115
95,1997,4405672.0,4,78.32,41283.16433
95,2002,4535591.0,4,79.05,44683.97525
95,2007,4627926.0,4,80.196,49357.19017
96,1952,507833.0,3,37.578,1828.230307
96,1957,561977.0,3,40.08,2242.746551
96,1962,628164.0,3,43.165,2924.638113
96,1967,714775.0,3,46.988,4720.942687
96,1972,829050.0,3,52.143,10618.03855
96,1977,1004533.0,3,57.367,11848.34392
96,1982,1301048.0,3,62.728,12954.79101
96,1987,1593882.0,3,67.734,18115.22313
96,1992,1915208.0,3,71.197,18616.70691
96,1997,2283635.0,3,72.499,19702.05581
96,2002,2713462.0,3,74.193,19774.83687
96,2007,3204897.0,3,75.64,22316.19287
97,1952,41346560.0,3,43.436,684.5971438
97,1957,46679944.0,3,45.557,747.0835292
97,1962,53100671.0,3,47.67,803.3427418
97,1967,60641899.0,3,49.8,942.4082588
97,1972,69325921.0,3,51.929,1049.938981
97,1977,78152686.0,3,54.043,1175.921193
97,1982,91462088.0,3,56.158,1443.429832
97,1987,105186881.0,3,58.245,1704.686583
97,1992,120065004.0,3,60.838,1971.829464
97,1997,135564834.0,3,61.818,2049.350521
97,2002,153403524.0,3,63.61,2092.712441
97,2007,169270617.0,3,65.483,2605.94758
98,1952,940080.0,2,55.191,2480.380334
98,1957,1063506.0,2,59.201,2961.800905
98,1962,1215725.0,2,61.817,3536.540301
98,1967,1405486.0,2,64.071,4421.009084
98,1972,1616384.0,2,66.216,5364.249663
98,1977,1839782.0,2,68.681,5351.912144
98,1982,2036305.0,2,70.472,7009.601598
98,1987,2253639.0,2,71.523,7034.779161
98,1992,2484997.0,2,72.462,6618.74305
98,1997,2734531.0,2,73.738,7113.692252
98,2002,2990875.0,2,74.712,7356.031934
98,2007,3242173.0,2,75.537,9809.185636
99,1952,1555876.0,2,62.649,1952.308701
99,1957,1770902.0,2,63.196,2046.154706
99,1962,2009813.0,2,64.361,2148.027146
99,1967,2287985.0,2,64.951,2299.376311
99,1972,2614104.0,2,65.815,2523.337977
99,1977,2984494.0,2,66.353,3248.373311
99,1982,3366439.0,2,66.874,4258.503604
99,1987,3886512.0,2,67.378,3998.875695
99,1992,4483945.0,2,68.225,4196.411078
99,1997,5154123.0,2,69.4,4247.400261
99,2002,5884491.0,2,70.755,3783.674243
99,2007,6667147.0,2,71.752,4172.838464
100,1952,8025700.0,2,43.902,3758.523437
100,1957,9146100.0,2,46.263,4245.256698
100,1962,10516500.0,2,49.096,4957.037982
100,1967,12132200.0,2,51.445,5788.09333
100,1972,13954700.0,2,55.448,5937.827283
100,1977,15990099.0,2,58.447,6281.290855
100,1982,18125129.0,2,61.406,6434.501797
100,1987,20195924.0,2,64.134,6360.943444
100,1992,22430449.0,2,66.458,4446.380924
100,1997,24748122.0,2,68.386,5838.347657
100,2002,26769436.0,2,69.906,5909.020073
100,2007,28674757.0,2,71.421,7408.905561
101,1952,22438691.0,3,47.752,1272.880995
101,1957,26072194.0,3,51.334,1547.944844
101,1962,30325264.0,3,54.757,1649.552153
101,1967,35356600.0,3,56.393,1814.12743
101,1972,40850141.0,3,58.065,1989.37407
101,1977,46850962.0,3,60.06,2373.204287
101,1982,53456774.0,3,62.082,2603.273765
101,1987,60017788.0,3,64.151,2189.634995
101,1992,67185766.0,3,66.458,2279.324017
101,1997,75012988.0,3,68.564,2536.534925
101,2002,82995088.0,3,70.303,2650.921068
101,2007,91077287.0,3,71.688,3190.481016
102,1952,25730551.0,4,61.31,4029.329699
102,1957,28235346.0,4,65.77,4734.253019
102,1962,30329617.0,4,67.64,5338.752143
102,1967,31785378.0,4,69.61,6557.152776
102,1972,33039545.0,4,70.85,8006.506993
102,1977,34621254.0,4,70.67,9508.141454
102,1982,36227381.0,4,71.32,8451.531004
102,1987,37740710.0,4,70.98,9082.351172
102,1992,38370697.0,4,70.99,7738.881247
102,1997,38654957.0,4,72.75,10159.58368
102,2002,38625976.0,4,74.67,12002.23908
102,2007,38518241.0,4,75.563,15389.92468
103,1952,8526050.0,4,59.82,3068.319867
103,1957,8817650.0,4,61.51,3774.571743
103,1962,9019800.0,4,64.39,4727.954889
103,1967,9103000.0,4,66.6,6361.517993
103,1972,8970450.0,4,69.26,9022.247417
103,1977,9662600.0,4,70.41,10172.48572
103,1982,9859650.0,4,72.77,11753.84291
103,1987,9915289.0,4,74.06,13039.30876
103,1992,9927680.0,4,74.86,16207.26663
103,1997,10156415.0,4,75.97,17641.03156
103,2002,10433867.0,4,77.29,19970.90787
103,2007,10642836.0,4,78.098,20509.64777
104,1952,2227000.0,2,64.28,3081.959785
104,1957,2260000.0,2,68.54,3907.156189
104,1962,2448046.0,2,69.62,5108.34463
104,1967,2648961.0,2,71.1,6929.277714
104,1972,2847132.0,2,72.16,9123.041742
104,1977,3080828.0,2,73.44,9770.524921
104,1982,3279001.0,2,73.75,10330.98915
104,1987,3444468.0,2,74.63,12281.34191
104,1992,3585176.0,2,73.911,14641.58711
104,1997,3759430.0,2,74.917,16999.4333
104,2002,3859606.0,2,77.778,18855.60618
104,2007,3942491.0,2,78.746,19328.70901
105,1952,257700.0,1,52.724,2718.885295
105,1957,308700.0,1,55.09,2769.451844
105,1962,358900.0,1,57.666,3173.72334
105,1967,414024.0,1,60.542,4021.175739
105,1972,461633.0,1,64.274,5047.658563
105,1977,492095.0,1,67.064,4319.804067
105,1982,517810.0,1,69.885,5267.219353
105,1987,562035.0,1,71.913,5303.377488
105,1992,622191.0,1,73.615,6101.255823
105,1997,684810.0,1,74.772,6071.941411
105,2002,743981.0,1,75.744,6316.1652
105,2007,798094.0,1,76.442,7670.122558
106,1952,16630000.0,4,61.05,3144.613186
106,1957,17829327.0,4,64.1,3943.370225
106,1962,18680721.0,4,66.8,4734.997586
106,1967,19284814.0,4,66.8,6470.866545
106,1972,20662648.0,4,69.21,8011.414402
106,1977,21658597.0,4,69.46,9356.39724
106,1982,22356726.0,4,69.66,9605.314053
106,1987,22686371.0,4,69.53,9696.273295
106,1992,22797027.0,4,69.36,6598.409903
106,1997,22562458.0,4,69.72,7346.547557
106,2002,22404337.0,4,71.322,7885.360081
106,2007,22276056.0,4,72.476,10808.47561
107,1952,2534927.0,1,40.0,493.3238752
107,1957,2822082.0,1,41.5,540.2893983
107,1962,3051242.0,1,43.0,597.4730727
107,1967,3451079.0,1,44.1,510.9637142
107,1972,3992121.0,1,44.6,590.5806638
107,1977,4657072.0,1,45.0,670.0806011
107,1982,5507565.0,1,46.218,881.5706467
107,1987,6349365.0,1,44.02,847.991217
107,1992,7290203.0,1,23.599,737.0685949
107,1997,7212583.0,1,36.087,589.9445051
107,2002,7852401.0,1,43.413,785.6537648
107,2007,8860588.0,1,46.242,863.0884639
108,1952,60011.0,1,46.471,879.5835855
108,1957,61325.0,1,48.945,860.7369026
108,1962,65345.0,1,51.893,1071.551119
108,1967,70787.0,1,54.425,1384.840593
108,1972,76595.0,1,56.48,1532.985254
108,1977,86796.0,1,58.55,1737.561657
108,1982,98593.0,1,60.351,1890.218117
108,1987,110812.0,1,61.728,1516.525457
108,1992,125911.0,1,62.742,1428.777814
108,1997,145608.0,1,63.306,1339.076036
108,2002,170372.0,1,64.337,1353.09239
108,2007,199579.0,1,65.528,1598.435089
109,1952,4005677.0,3,39.875,6459.554823
109,1957,4419650.0,3,42.868,8157.591248
109,1962,4943029.0,3,45.914,11626.41975
109,1967,5618198.0,3,49.901,16903.04886
109,1972,6472756.0,3,53.886,24837.42865
109,1977,8128505.0,3,58.69,34167.7626
109,1982,11254672.0,3,63.012,33693.17525
109,1987,14619745.0,3,66.295,21198.26136
109,1992,16945857.0,3,68.768,24841.61777
109,1997,21229759.0,3,70.533,20586.69019
109,2002,24501530.0,3,71.626,19014.54118
109,2007,27601038.0,3,72.777,21654.83194
110,1952,2755589.0,1,37.278,1450.356983
110,1957,3054547.0,1,39.329,1567.653006
110,1962,3430243.0,1,41.454,1654.988723
110,1967,3965841.0,1,43.563,1612.404632
110,1972,4588696.0,1,45.815,1597.712056
110,1977,5260855.0,1,48.879,1561.769116
110,1982,6147783.0,1,52.379,1518.479984
110,1987,7171347.0,1,55.769,1441.72072
110,1992,8307920.0,1,58.196,1367.899369
110,1997,9535314.0,1,60.187,1392.368347
110,2002,10870037.0,1,61.6,1519.635262
110,2007,12267493.0,1,63.062,1712.472136
111,1952,6860147.0,4,57.996,3581.459448
111,1957,7271135.0,4,61.685,4981.090891
111,1962,7616060.0,4,64.531,6289.629157
111,1967,7971222.0,4,66.914,7991.707066
111,1972,8313288.0,4,68.7,10522.06749
111,1977,8686367.0,4,70.3,12980.66956
111,1982,9032824.0,4,70.162,15181.0927
111,1987,9230783.0,4,71.218,15870.87851
111,1992,9826397.0,4,71.659,9325.068238
111,1997,10336594.0,4,72.232,7914.320304
111,2002,10111559.0,4,73.213,7236.075251
111,2007,10150265.0,4,74.002,9786.534714
112,1952,2143249.0,1,30.331,879.7877358
112,1957,2295678.0,1,31.57,1004.484437
112,1962,2467895.0,1,32.767,1116.639877
112,1967,2662190.0,1,34.113,1206.043465
112,1972,2879013.0,1,35.4,1353.759762
112,1977,3140897.0,1,36.788,1348.285159
112,1982,3464522.0,1,38.445,1465.010784
112,1987,3868905.0,1,40.006,1294.447788
112,1992,4260884.0,1,38.333,1068.696278
112,1997,4578212.0,1,39.897,574.6481576
112,2002,5359092.0,1,41.012,699.489713
112,2007,6144562.0,1,42.568,862.5407561
113,1952,1127000.0,3,60.396,2315.138227
113,1957,1445929.0,3,63.179,2843.104409
113,1962,1750200.0,3,65.798,3674.735572
113,1967,1977600.0,3,67.946,4977.41854
113,1972,2152400.0,3,69.521,8597.756202
113,1977,2325300.0,3,70.795,11210.08948
113,1982,2651869.0,3,71.76,15169.16112
113,1987,2794552.0,3,73.56,18861.53081
113,1992,3235865.0,3,75.788,24769.8912
113,1997,3802309.0,3,77.158,33519.4766
113,2002,4197776.0,3,78.77,36023.1054
113,2007,4553009.0,3,79.972,47143.17964
114,1952,3558137.0,4,64.36,5074.659104
114,1957,3844277.0,4,67.45,6093.26298
114,1962,4237384.0,4,70.33,7481.107598
114,1967,4442238.0,4,70.98,8412.902397
114,1972,4593433.0,4,70.35,9674.167626
114,1977,4827803.0,4,70.45,10922.66404
114,1982,5048043.0,4,70.8,11348.54585
114,1987,5199318.0,4,71.08,12037.26758
114,1992,5302888.0,4,71.38,9498.467723
114,1997,5383010.0,4,72.71,12126.23065
114,2002,5410052.0,4,73.8,13638.77837
114,2007,5447502.0,4,74.663,18678.31435
115,1952,1489518.0,4,65.57,4215.041741
115,1957,1533070.0,4,67.85,5862.276629
115,1962,1582962.0,4,69.15,7402.303395
115,1967,1646912.0,4,69.18,9405.489397
115,1972,1694510.0,4,69.82,12383.4862
115,1977,1746919.0,4,70.97,15277.03017
115,1982,1861252.0,4,71.063,17866.72175
115,1987,1945870.0,4,72.25,18678.53492
115,1992,1999210.0,4,73.64,14214.71681
115,1997,2011612.0,4,75.13,17161.10735
115,2002,2011497.0,4,76.66,20660.01936
115,2007,2009245.0,4,77.926,25768.25759
116,1952,2526994.0,1,32.978,1135.749842
116,1957,2780415.0,1,34.977,1258.147413
116,1962,3080153.0,1,36.981,1369.488336
116,1967,3428839.0,1,38.977,1284.73318
116,1972,3840161.0,1,40.973,1254.576127
116,1977,4353666.0,1,41.974,1450.992513
116,1982,5828892.0,1,42.955,1176.807031
116,1987,6921858.0,1,44.501,1093.244963
116,1992,6099799.0,1,39.658,926.9602964
116,1997,6633514.0,1,43.795,930.5964284
116,2002,7753310.0,1,45.936,882.0818218
116,2007,9118773.0,1,48.159,926.1410683
117,1952,14264935.0,1,45.009,4725.295531
117,1957,16151549.0,1,47.985,5487.104219
117,1962,18356657.0,1,49.951,5768.729717
117,1967,20997321.0,1,51.927,7114.477971
117,1972,23935810.0,1,53.696,7765.962636
117,1977,27129932.0,1,55.527,8028.651439
117,1982,31140029.0,1,58.161,8568.266228
117,1987,35933379.0,1,60.834,7825.823398
117,1992,39964159.0,1,61.888,7225.069258
117,1997,42835005.0,1,60.236,7479.188244
117,2002,44433622.0,1,53.365,7710.946444
117,2007,43997828.0,1,49.339,9269.657808
118,1952,28549870.0,4,64.94,3834.034742
118,1957,29841614.0,4,66.66,4564.80241
118,1962,31158061.0,4,69.69,5693.843879
118,1967,32850275.0,4,71.44,7993.512294
118,1972,34513161.0,4,73.06,10638.75131
118,1977,36439000.0,4,74.39,13236.92117
118,1982,37983310.0,4,76.3,13926.16997
118,1987,38880702.0,4,76.9,15764.98313
118,1992,39549438.0,4,77.57,18603.06452
118,1997,39855442.0,4,78.77,20445.29896
118,2002,40152517.0,4,79.78,24835.47166
118,2007,40448191.0,4,80.941,28821.0637
119,1952,7982342.0,3,57.593,1083.53203
119,1957,9128546.0,3,61.456,1072.546602
119,1962,10421936.0,3,62.192,1074.47196
119,1967,11737396.0,3,64.266,1135.514326
119,1972,13016733.0,3,65.042,1213.39553
119,1977,14116836.0,3,65.949,1348.775651
119,1982,15410151.0,3,68.757,1648.079789
119,1987,16495304.0,3,69.011,1876.766827
119,1992,17587060.0,3,70.379,2153.739222
119,1997,18698655.0,3,70.457,2664.477257
119,2002,19576783.0,3,70.815,3015.378833
119,2007,20378239.0,3,72.396,3970.095407
120,1952,8504667.0,1,38.635,1615.991129
120,1957,9753392.0,1,39.624,1770.337074
120,1962,11183227.0,1,40.87,1959.593767
120,1967,12716129.0,1,42.858,1687.997641
120,1972,14597019.0,1,45.083,1659.652775
120,1977,17104986.0,1,47.8,2202.988423
120,1982,20367053.0,1,50.338,1895.544073
120,1987,24725960.0,1,51.744,1507.819159
120,1992,28227588.0,1,53.556,1492.197043
120,1997,32160729.0,1,55.373,1632.210764
120,2002,37090298.0,1,56.369,1993.398314
120,2007,42292929.0,1,58.556,2602.394995
121,1952,290243.0,1,41.407,1148.376626
121,1957,326741.0,1,43.424,1244.708364
121,1962,370006.0,1,44.992,1856.182125
121,1967,420690.0,1,46.633,2613.101665
121,1972,480105.0,1,49.552,3364.836625
121,1977,551425.0,1,52.537,3781.410618
121,1982,649901.0,1,55.561,3895.384018
121,1987,779348.0,1,57.678,3984.839812
121,1992,962344.0,1,58.474,3553.0224
121,1997,1054486.0,1,54.289,3876.76846
121,2002,1130269.0,1,43.869,4128.116943
121,2007,1133066.0,1,39.613,4513.480643
122,1952,7124673.0,4,71.86,8527.844662
122,1957,7363802.0,4,72.49,9911.878226
122,1962,7561588.0,4,73.37,12329.44192
122,1967,7867931.0,4,74.16,15258.29697
122,1972,8122293.0,4,74.72,17832.02464
122,1977,8251648.0,4,75.44,18855.72521
122,1982,8325260.0,4,76.42,20667.38125
122,1987,8421403.0,4,77.19,23586.92927
122,1992,8718867.0,4,78.16,23880.01683
122,1997,8897619.0,4,79.39,25266.59499
122,2002,8954175.0,4,80.04,29341.63093
122,2007,9031088.0,4,80.884,33859.74835
123,1952,4815000.0,4,69.62,14734.23275
123,1957,5126000.0,4,70.56,17909.48973
123,1962,5666000.0,4,71.32,20431.0927
123,1967,6063000.0,4,72.77,22966.14432
123,1972,6401400.0,4,73.78,27195.11304
123,1977,6316424.0,4,75.39,26982.29052
123,1982,6468126.0,4,76.21,28397.71512
123,1987,6649942.0,4,77.41,30281.70459
123,1992,6995447.0,4,78.03,31871.5303
123,1997,7193761.0,4,79.37,32135.32301
123,2002,7361757.0,4,80.62,34480.95771
123,2007,7554661.0,4,81.701,37506.41907
124,1952,3661549.0,3,45.883,1643.485354
124,1957,4149908.0,3,48.284,2117.234893
124,1962,4834621.0,3,50.305,2193.037133
124,1967,5680812.0,3,53.655,1881.923632
124,1972,6701172.0,3,57.296,2571.423014
124,1977,7932503.0,3,61.195,3195.484582
124,1982,9410494.0,3,64.59,3761.837715
124,1987,11242847.0,3,66.974,3116.774285
124,1992,13219062.0,3,69.249,3340.542768
124,1997,15081016.0,3,71.527,4014.238972
124,2002,17155814.0,3,73.053,4090.925331
124,2007,19314747.0,3,74.143,4184.548089
125,1952,8550362.0,3,58.5,1206.947913
125,1957,10164215.0,3,62.4,1507.86129
125,1962,11918938.0,3,65.2,1822.879028
125,1967,13648692.0,3,67.5,2643.858681
125,1972,15226039.0,3,69.39,4062.523897
125,1977,16785196.0,3,70.59,5596.519826
125,1982,18501390.0,3,72.16,7426.354774
125,1987,19757799.0,3,73.4,11054.56175
125,1992,20686918.0,3,74.26,15215.6579
125,1997,21628605.0,3,75.25,20206.82098
125,2002,22454239.0,3,76.99,23235.42329
125,2007,23174294.0,3,78.4,28718.27684
126,1952,8322925.0,1,41.215,716.6500721
126,1957,9452826.0,1,42.974,698.5356073
126,1962,10863958.0,1,44.246,722.0038073
126,1967,12607312.0,1,45.757,848.2186575
126,1972,14706593.0,1,47.62,915.9850592
126,1977,17129565.0,1,49.919,962.4922932
126,1982,19844382.0,1,50.608,874.2426069
126,1987,23040630.0,1,51.535,831.8220794
126,1992,26605473.0,1,50.44,825.682454
126,1997,30686889.0,1,48.466,789.1862231
126,2002,34593779.0,1,49.651,899.0742111
126,2007,38139640.0,1,52.517,1107.482182
127,1952,21289402.0,3,50.848,757.7974177
127,1957,25041917.0,3,53.63,793.5774148
127,1962,29263397.0,3,56.061,1002.199172
127,1967,34024249.0,3,58.285,1295.46066
127,1972,39276153.0,3,60.405,1524.358936
127,1977,44148285.0,3,62.494,1961.224635
127,1982,48827160.0,3,64.597,2393.219781
127,1987,52910342.0,3,66.084,2982.653773
127,1992,56667095.0,3,67.298,4616.896545
127,1997,60216677.0,3,67.521,5852.625497
127,2002,62806748.0,3,68.564,5913.187529
127,2007,65068149.0,3,70.616,7458.396327
128,1952,1219113.0,1,38.596,859.8086567
128,1957,1357445.0,1,41.208,925.9083202
128,1962,1528098.0,1,43.922,1067.53481
128,1967,1735550.0,1,46.769,1477.59676
128,1972,2056351.0,1,49.759,1649.660188
128,1977,2308582.0,1,52.887,1532.776998
128,1982,2644765.0,1,55.471,1344.577953
128,1987,3154264.0,1,56.941,1202.201361
128,1992,3747553.0,1,58.061,1034.298904
128,1997,4320890.0,1,58.39,982.2869243
128,2002,4977378.0,1,57.561,886.2205765
128,2007,5701579.0,1,58.42,882.9699438
129,1952,662850.0,2,59.1,3023.271928
129,1957,764900.0,2,61.8,4100.3934
129,1962,887498.0,2,64.9,4997.523971
129,1967,960155.0,2,65.4,5621.368472
129,1972,975199.0,2,65.9,6619.551419
129,1977,1039009.0,2,68.3,7899.554209
129,1982,1116479.0,2,68.832,9119.528607
129,1987,1191336.0,2,69.582,7388.597823
129,1992,1183669.0,2,69.862,7370.990932
129,1997,1138101.0,2,69.465,8792.573126
129,2002,1101832.0,2,68.976,11460.60023
129,2007,1056608.0,2,69.819,18008.50924
130,1952,3647735.0,1,44.6,1468.475631
130,1957,3950849.0,1,47.1,1395.232468
130,1962,4286552.0,1,49.579,1660.30321
130,1967,4786986.0,1,52.053,1932.360167
130,1972,5303507.0,1,55.602,2753.285994
130,1977,6005061.0,1,59.837,3120.876811
130,1982,6734098.0,1,64.048,3560.233174
130,1987,7724976.0,1,66.894,3810.419296
130,1992,8523077.0,1,70.001,4332.720164
130,1997,9231669.0,1,71.973,4876.798614
130,2002,9770575.0,1,73.042,5722.895655
130,2007,10276158.0,1,73.923,7092.923025
131,1952,22235677.0,4,43.585,1969.10098
131,1957,25670939.0,4,48.079,2218.754257
131,1962,29788695.0,4,52.098,2322.869908
131,1967,33411317.0,4,54.336,2826.356387
131,1972,37492953.0,4,57.005,3450.69638
131,1977,42404033.0,4,59.507,4269.122326
131,1982,47328791.0,4,61.036,4241.356344
131,1987,52881328.0,4,63.108,5089.043686
131,1992,58179144.0,4,66.146,5678.348271
131,1997,63047647.0,4,68.835,6601.429915
131,2002,67308928.0,4,70.845,6508.085718
131,2007,71158647.0,4,71.777,8458.276384
132,1952,5824797.0,1,39.978,734.753484
132,1957,6675501.0,1,42.571,774.3710692
132,1962,7688797.0,1,45.344,767.2717398
132,1967,8900294.0,1,48.051,908.9185217
132,1972,10190285.0,1,51.016,950.735869
132,1977,11457758.0,1,50.35,843.7331372
132,1982,12939400.0,1,49.849,682.2662268
132,1987,15283050.0,1,51.509,617.7244065
132,1992,18252190.0,1,48.825,644.1707969
132,1997,21210254.0,1,44.578,816.559081
132,2002,24739869.0,1,47.813,927.7210018
132,2007,29170398.0,1,51.542,1056.380121
133,1952,50430000.0,4,69.18,9979.508487
133,1957,51430000.0,4,70.42,11283.17795
133,1962,53292000.0,4,70.76,12477.17707
133,1967,54959000.0,4,71.36,14142.85089
133,1972,56079000.0,4,72.01,15895.11641
133,1977,56179000.0,4,72.76,17428.74846
133,1982,56339704.0,4,74.04,18232.42452
133,1987,56981620.0,4,75.007,21664.78767
133,1992,57866349.0,4,76.42,22705.09254
133,1997,58808266.0,4,77.218,26074.53136
133,2002,59912431.0,4,78.471,29478.99919
133,2007,60776238.0,4,79.425,33203.26128
134,1952,157553000.0,2,68.44,13990.48208
134,1957,171984000.0,2,69.49,14847.12712
134,1962,186538000.0,2,70.21,16173.14586
134,1967,198712000.0,2,70.76,19530.36557
134,1972,209896000.0,2,71.34,21806.03594
134,1977,220239000.0,2,73.38,24072.63213
134,1982,232187835.0,2,74.65,25009.55914
134,1987,242803533.0,2,75.02,29884.35041
134,1992,256894189.0,2,76.09,32003.93224
134,1997,272911760.0,2,76.81,35767.43303
134,2002,287675526.0,2,77.31,39097.09955
134,2007,301139947.0,2,78.242,42951.65309
135,1952,2252965.0,2,66.071,5716.766744
135,1957,2424959.0,2,67.044,6150.772969
135,1962,2598466.0,2,68.253,5603.357717
135,1967,2748579.0,2,68.468,5444.61962
135,1972,2829526.0,2,68.673,5703.408898
135,1977,2873520.0,2,69.481,6504.339663
135,1982,2953997.0,2,70.805,6920.223051
135,1987,3045153.0,2,71.918,7452.398969
135,1992,3149262.0,2,72.752,8137.004775
135,1997,3262838.0,2,74.223,9230.240708
135,2002,3363085.0,2,75.307,7727.002004
135,2007,3447496.0,2,76.384,10611.46299
136,1952,5439568.0,2,55.088,7689.799761
136,1957,6702668.0,2,57.907,9802.466526
136,1962,8143375.0,2,60.77,8422.974165
136,1967,9709552.0,2,63.479,9541.474188
136,1972,11515649.0,2,65.712,10505.25966
136,1977,13503563.0,2,67.456,13143.95095
136,1982,15620766.0,2,68.557,11152.41011
136,1987,17910182.0,2,70.19,9883.584648
136,1992,20265563.0,2,71.15,10733.92631
136,1997,22374398.0,2,72.146,10165.49518
136,2002,24287670.0,2,72.766,8605.047831
136,2007,26084662.0,2,73.747,11415.80569
137,1952,26246839.0,3,40.412,605.0664917
137,1957,28998543.0,3,42.887,676.2854478
137,1962,33796140.0,3,45.363,772.0491602
137,1967,39463910.0,3,47.838,637.1232887
137,1972,44655014.0,3,50.254,699.5016441
137,1977,50533506.0,3,55.764,713.5371196
137,1982,56142181.0,3,58.816,707.2357863
137,1987,62826491.0,3,62.82,820.7994449
137,1992,69940728.0,3,67.662,989.0231487
137,1997,76048996.0,3,70.672,1385.896769
137,2002,80908147.0,3,73.017,1764.456677
137,2007,85262356.0,3,74.249,2441.576404
138,1952,1030585.0,3,43.16,1515.592329
138,1957,1070439.0,3,45.671,1827.067742
138,1962,1133134.0,3,48.127,2198.956312
138,1967,1142636.0,3,51.631,2649.715007
138,1972,1089572.0,3,56.532,3133.409277
138,1977,1261091.0,3,60.765,3682.831494
138,1982,1425876.0,3,64.406,4336.032082
138,1987,1691210.0,3,67.046,5107.197384
138,1992,2104779.0,3,69.718,6017.654756
138,1997,2826046.0,3,71.096,7110.667619
138,2002,3389578.0,3,72.37,4515.487575
138,2007,4018332.0,3,73.422,3025.349798
139,1952,4963829.0,3,32.548,781.7175761
139,1957,5498090.0,3,33.97,804.8304547
139,1962,6120081.0,3,35.18,825.6232006
139,1967,6740785.0,3,36.984,862.4421463
139,1972,7407075.0,3,39.848,1265.047031
139,1977,8403990.0,3,44.175,1829.765177
139,1982,9657618.0,3,49.113,1977.55701
139,1987,11219340.0,3,52.922,1971.741538
139,1992,13367997.0,3,55.599,1879.496673
139,1997,15826497.0,3,58.02,2117.484526
139,2002,18701257.0,3,60.308,2234.820827
139,2007,22211743.0,3,62.698,2280.769906
140,1952,2672000.0,1,42.038,1147.388831
140,1957,3016000.0,1,44.077,1311.956766
140,1962,3421000.0,1,46.023,1452.725766
140,1967,3900000.0,1,47.768,1777.077318
140,1972,4506497.0,1,50.107,1773.498265
140,1977,5216550.0,1,51.386,1588.688299
140,1982,6100407.0,1,51.821,1408.678565
140,1987,7272406.0,1,50.821,1213.315116
140,1992,8381163.0,1,46.1,1210.884633
140,1997,9417789.0,1,40.238,1071.353818
140,2002,10595811.0,1,39.193,1071.613938
140,2007,11746035.0,1,42.384,1271.211593
141,1952,3080907.0,1,48.451,406.8841148
141,1957,3646340.0,1,50.469,518.7642681
141,1962,4277736.0,1,52.358,527.2721818
141,1967,4995432.0,1,53.995,569.7950712
141,1972,5861135.0,1,55.635,799.3621758
141,1977,6642107.0,1,57.674,685.5876821
141,1982,7636524.0,1,60.363,788.8550411
141,1987,9216418.0,1,62.351,706.1573059
141,1992,10704340.0,1,60.377,693.4207856
141,1997,11404948.0,1,46.809,792.4499603
141,2002,11926563.0,1,39.989,672.0386227
141,2007,12311143.0,1,43.487,469.7092981
