1.296639999999999837e+01,4.101500000000033452e-01
1.600319999999999965e+01,8.377499999999997726e-01
1.515339999999999776e+01,7.224500000000038114e-01
1.686999999999999744e+01,6.054500000000047066e-01
1.572839999999999883e+01,6.942500000000020322e-01
1.620649999999999835e+01,7.878500000000023817e-01
1.296639999999999837e+01,4.101500000000033452e-01
1.676479999999999748e+01,4.422500000000049170e-01
1.574619999999999820e+01,5.406500000000029615e-01
1.550199999999999889e+01,6.342500000000015348e-01
1.794519999999999982e+01,3.273500000000026944e-01
1.716819999999999879e+01,1.078350000000000364e+00
1.626979999999999649e+01,1.145250000000004320e+00
1.678499999999999659e+01,4.220500000000058094e-01
1.663850000000000051e+01,7.612500000000004263e-01
1.642349999999999710e+01,8.243500000000025807e-01
1.450119999999999898e+01,5.621500000000025921e-01
1.624169999999999803e+01,9.201500000000031321e-01
1.565649999999999764e+01,8.061500000000059174e-01
1.565639999999999787e+01,8.062500000000056843e-01
1.359439999999999849e+01,6.339500000000022339e-01
1.702169999999999916e+01,7.111499999999999488e-01
1.472049999999999770e+01,1.178650000000002862e+00
1.480479999999999841e+01,6.324500000000021771e-01
1.152739999999999654e+01,-1.475499999999954071e-01
1.624649999999999750e+01,8.948500000000052523e-01
1.152749999999999986e+01,-1.476499999999987267e-01
1.669399999999999906e+01,5.327500000000036096e-01
1.649530000000000030e+01,9.466500000000017678e-01
1.611749999999999972e+01,1.111950000000000216e+00
1.577479999999999905e+01,7.712500000000019895e-01
1.612030000000000030e+01,9.926500000000011426e-01
1.482119999999999749e+01,6.382500000000046469e-01
1.463249999999999851e+01,6.194500000000022766e-01
1.660859999999999914e+01,4.428500000000035186e-01
1.605709999999999837e+01,8.343500000000005912e-01
1.463419999999999810e+01,6.177500000000026859e-01
1.463249999999999851e+01,6.194500000000022766e-01
1.640159999999999840e+01,1.624750000000002359e+00
1.623639999999999617e+01,1.029350000000004428e+00
1.605709999999999837e+01,8.343500000000005912e-01
1.695720000000000027e+01,8.246499999999983288e-01
1.574949999999999761e+01,1.324250000000002814e+00
1.476049999999999862e+01,7.378500000000034476e-01
1.435339999999999883e+01,3.428449999999999775e+00
1.465759999999999863e+01,5.824500000000032429e-01
1.482119999999999749e+01,6.382500000000046469e-01
1.504999999999999893e+01,1.380250000000001975e+00
1.513319999999999865e+01,6.462500000000019895e-01
1.236009999999999742e+01,1.216650000000003118e+00
1.574969999999999892e+01,1.324050000000001504e+00
1.416939999999999777e+01,6.244500000000030582e-01
1.601119999999999877e+01,6.599500000000020350e-01
1.615739999999999910e+01,9.487500000000004263e-01
1.441209999999999880e+01,6.090500000000016456e-01
1.454459999999999908e+01,1.050350000000001671e+00
1.416949999999999754e+01,6.243500000000032912e-01
1.573959999999999759e+01,5.915500000000033509e-01
1.455489999999999817e+01,5.825500000000030099e-01
1.455469999999999864e+01,5.827500000000025437e-01
1.513319999999999865e+01,6.462500000000019895e-01
1.575489999999999746e+01,7.405500000000042604e-01
1.491879999999999740e+01,1.243350000000003064e+00
1.491799999999999748e+01,1.244150000000002976e+00
1.585259999999999891e+01,8.562500000000028422e-01
1.497899999999999743e+01,5.952500000000036096e-01
1.212639999999999851e+01,2.152500000000028280e-01
1.660759999999999792e+01,7.909500000000022624e-01
1.720779999999999887e+01,2.868500000000011596e-01
1.619309999999999761e+01,1.192450000000004451e+00
1.519169999999999909e+01,6.679500000000029303e-01
1.373609999999999864e+01,6.380500000000033367e-01
1.583559999999999768e+01,6.598500000000040444e-01
1.455489999999999817e+01,5.825500000000030099e-01
1.480789999999999829e+01,5.436500000000030752e-01
1.212489999999999846e+01,1.225950000000002760e+00
1.250659999999999883e+01,9.490500000000032799e-01
1.545729999999999826e+01,7.461500000000054200e-01
1.552239999999999753e+01,6.758500000000040586e-01
1.290129999999999910e+01,1.121050000000002100e+00
1.388779999999999859e+01,7.177500000000023306e-01
1.643929999999999580e+01,6.964500000000057867e-01
1.630049999999999955e+01,1.578150000000000830e+00
1.657809999999999917e+01,9.907500000000020179e-01
1.426509999999999856e+01,6.032500000000027285e-01
1.562939999999999863e+01,7.420500000000043173e-01
1.513229999999999897e+01,6.330500000000025551e-01
1.468899999999999828e+01,5.555500000000037630e-01
1.554119999999999813e+01,5.710500000000049425e-01
1.553959999999999830e+01,5.726500000000047663e-01
1.415799999999999770e+01,5.940500000000028535e-01
1.415859999999999808e+01,5.934500000000024755e-01
1.146979999999999933e+01,1.457150000000002166e+00
1.468899999999999828e+01,5.555500000000037630e-01
1.573679999999999879e+01,1.068350000000002353e+00
1.146979999999999933e+01,1.457150000000002166e+00
1.647189999999999799e+01,8.247500000000016485e-01
1.657469999999999999e+01,9.941500000000011994e-01
1.388859999999999850e+01,7.169500000000024187e-01
1.612739999999999796e+01,8.220500000000008356e-01
1.419559999999999889e+01,6.922500000000031406e-01
1.521569999999999823e+01,6.409500000000036835e-01
1.297999999999999865e+01,1.231750000000003453e+00
1.375699999999999790e+01,9.014500000000040814e-01
1.375579999999999892e+01,9.026500000000030610e-01
1.415799999999999770e+01,5.940500000000028535e-01
1.375699999999999790e+01,9.014500000000040814e-01
1.276889999999999858e+01,2.951500000000031321e-01
1.611619999999999919e+01,7.824500000000043087e-01
1.552849999999999753e+01,8.653500000000029502e-01
1.483519999999999861e+01,6.308500000000023533e-01
1.670639999999999858e+01,8.268500000000038597e-01
1.469379999999999775e+01,6.093500000000027228e-01
1.582759999999999856e+01,6.983500000000031349e-01
1.483179999999999765e+01,6.342500000000033111e-01
1.571339999999999826e+01,6.159500000000033282e-01
1.299149999999999849e+01,1.124750000000002359e+00
1.490979999999999883e+01,6.312500000000031974e-01
1.359619999999999784e+01,5.674500000000026745e-01
1.415799999999999770e+01,5.940500000000028535e-01
1.579929999999999879e+01,9.910500000000048715e-01
1.146979999999999933e+01,1.457150000000002166e+00
1.551999999999999780e+01,7.061500000000027200e-01
1.582579999999999742e+01,4.885500000000035925e-01
1.392059999999999853e+01,6.552500000000023306e-01
1.408599999999999852e+01,6.956500000000023221e-01
1.579929999999999879e+01,9.910500000000048715e-01
1.596229999999999905e+01,9.557500000000018758e-01
1.540819999999999901e+01,7.313500000000008328e-01
1.408599999999999852e+01,6.956500000000023221e-01
1.660079999999999956e+01,7.953499999999991132e-01
1.613059999999999761e+01,1.030250000000005883e+00
1.575059999999999860e+01,1.000650000000000261e+00
1.367959999999999887e+01,6.707500000000017337e-01
1.682019999999999982e+01,8.314500000000037971e-01
1.428939999999999877e+01,5.829500000000020776e-01
1.422169999999999845e+01,6.701500000000031321e-01
1.494389999999999752e+01,6.690500000000039194e-01
1.542699999999999783e+01,9.649500000000035271e-01
1.542459999999999809e+01,9.673500000000032628e-01
1.662249999999999872e+01,7.736499999999999488e-01
1.430359999999999765e+01,6.514500000000040814e-01
1.557899999999999885e+01,5.629500000000025040e-01
1.557899999999999885e+01,5.629500000000025040e-01
1.397529999999999895e+01,6.450500000000030099e-01
1.456999999999999851e+01,6.142500000000019611e-01
1.457009999999999827e+01,6.141500000000021942e-01
1.557899999999999885e+01,5.629500000000025040e-01
1.261669999999999803e+01,1.224850000000003547e+00
1.531869999999999798e+01,7.607500000000033680e-01
1.357099999999999795e+01,6.384500000000041808e-01
1.609829999999999828e+01,7.627500000000004832e-01
1.310559999999999903e+01,1.149650000000002947e+00
1.310559999999999903e+01,1.149650000000002947e+00
1.463099999999999845e+01,6.146500000000028052e-01
1.503849999999999909e+01,6.592500000000018900e-01
1.558039999999999914e+01,5.167500000000000426e-01
1.357079999999999842e+01,6.386500000000037147e-01
1.616429999999999723e+01,8.536500000000017963e-01
1.651079999999999615e+01,8.213500000000024670e-01
1.463109999999999822e+01,6.145500000000030383e-01
1.607439999999999714e+01,1.163450000000004536e+00
1.636379999999999768e+01,7.024500000000060140e-01
1.667190000000000083e+01,5.659500000000008413e-01
1.599299999999999855e+01,6.158500000000053376e-01
1.599299999999999855e+01,6.158500000000053376e-01
1.627259999999999707e+01,6.513500000000043144e-01
1.694919999999999760e+01,7.537500000000036948e-01
1.616419999999999746e+01,7.434500000000063835e-01
1.539229999999999876e+01,7.603500000000025238e-01
1.221429999999999794e+01,1.048150000000003246e+00
1.313179999999999836e+01,1.140450000000003072e+00
1.463099999999999845e+01,6.146500000000028052e-01
1.599209999999999887e+01,7.204500000000013671e-01
1.412179999999999858e+01,6.779500000000027171e-01
1.412179999999999858e+01,6.779500000000027171e-01
1.583509999999999884e+01,6.030500000000014182e-01
1.615379999999999683e+01,7.538500000000070145e-01
1.368689999999999785e+01,6.531500000000036721e-01
1.131059999999999732e+01,7.059500000000031861e-01
1.523509999999999742e+01,5.647500000000036380e-01
1.604489999999999839e+01,9.542500000000018190e-01
1.675359999999999872e+01,1.100650000000001683e+00
1.131059999999999732e+01,7.059500000000031861e-01
1.691839999999999833e+01,6.691500000000019099e-01
1.620870000000000033e+01,6.682500000000004547e-01
1.534979999999999833e+01,9.015500000000038483e-01
1.405979999999999741e+01,6.729500000000037119e-01
1.461359999999999815e+01,7.554500000000032855e-01
1.461349999999999838e+01,7.555500000000030525e-01
1.378559999999999874e+01,5.775500000000022283e-01
1.436339999999999861e+01,6.043500000000019412e-01
1.412589999999999790e+01,6.042500000000039506e-01
1.647779999999999845e+01,6.117500000000042348e-01
1.632339999999999947e+01,7.410500000000013188e-01
1.489729999999999777e+01,5.721500000000041553e-01
1.674119999999999919e+01,1.370050000000002655e+00
1.559809999999999874e+01,8.647500000000043485e-01
1.518799999999999883e+01,6.191500000000029758e-01
1.330369999999999742e+01,1.138250000000004647e+00
1.662780000000000058e+01,4.830499999999986471e-01
1.700300000000000011e+01,1.311350000000000904e+00
1.412589999999999790e+01,6.042500000000039506e-01
1.684579999999999700e+01,1.143850000000004030e+00
1.487989999999999746e+01,6.007500000000032259e-01
1.516329999999999778e+01,7.038500000000027512e-01
1.632469999999999999e+01,7.397500000000007958e-01
1.516339999999999755e+01,7.037500000000029843e-01
1.414479999999999826e+01,4.965500000000027114e-01
1.176739999999999853e+01,3.995000000000281659e-02
1.176779999999999760e+01,3.955000000000374882e-02
1.707789999999999964e+01,1.212749999999999773e+00
1.407349999999999746e+01,6.864500000000042235e-01
1.694919999999999760e+01,1.411350000000005878e+00
1.500599999999999845e+01,6.775500000000036493e-01
1.538559999999999839e+01,6.531500000000018957e-01
1.446109999999999829e+01,6.110500000000023135e-01
1.300549999999999784e+01,1.146050000000004232e+00
1.407339999999999769e+01,6.865500000000039904e-01
1.407349999999999746e+01,6.864500000000042235e-01
1.687729999999999819e+01,7.601500000000029900e-01
1.651089999999999947e+01,5.988500000000023249e-01
1.382739999999999903e+01,1.283350000000002211e+00
1.652699999999999747e+01,6.002500000000061675e-01
1.268829999999999814e+01,1.007150000000002876e+00
1.268749999999999822e+01,1.007950000000002788e+00
1.467669999999999852e+01,6.005500000000019156e-01
1.382749999999999879e+01,1.283250000000002444e+00
1.382739999999999903e+01,1.283350000000002211e+00
1.542969999999999864e+01,7.682500000000000995e-01
1.300549999999999784e+01,1.146050000000004232e+00
1.376989999999999803e+01,7.445500000000038199e-01
1.568009999999999771e+01,6.188500000000036749e-01
1.520349999999999824e+01,7.088500000000035328e-01
1.490379999999999860e+01,7.572500000000026432e-01
1.490499999999999758e+01,7.560500000000036636e-01
1.423889999999999745e+01,8.175500000000042178e-01
1.566109999999999758e+01,7.431500000000035300e-01
1.653269999999999840e+01,9.805500000000009209e-01
1.450299999999999834e+01,5.657500000000030838e-01
1.450189999999999912e+01,5.370500000000024698e-01
1.473209999999999908e+01,6.029500000000016513e-01
1.661439999999999628e+01,1.127550000000006492e+00
1.440859999999999808e+01,1.395750000000003155e+00
1.376849999999999774e+01,5.999500000000033140e-01
1.376849999999999774e+01,5.999500000000033140e-01
1.476099999999999746e+01,6.175500000000031520e-01
1.464449999999999896e+01,6.208500000000025665e-01
1.423729999999999762e+01,5.512500000000031264e-01
1.639839999999999876e+01,8.180500000000030525e-01
1.652789999999999893e+01,9.853500000000003922e-01
1.450309999999999810e+01,5.656500000000033168e-01
1.410029999999999895e+01,6.516500000000018389e-01
1.587909999999999755e+01,7.578500000000012449e-01
1.626869999999999905e+01,5.418500000000001648e-01
1.268809999999999860e+01,1.007350000000002410e+00
1.385219999999999807e+01,7.254500000000039250e-01
1.629509999999999792e+01,6.490500000000025693e-01
1.732759999999999678e+01,1.263250000000006423e+00
1.512839999999999741e+01,5.654500000000037829e-01
1.586129999999999818e+01,8.667500000000050164e-01
1.450279999999999880e+01,5.361500000000027910e-01
1.309289999999999843e+01,1.156350000000003320e+00
1.579099999999999859e+01,1.341050000000000963e+00
1.204589999999999783e+01,6.592500000000036664e-01
1.553609999999999758e+01,6.255500000000040473e-01
1.614300000000000068e+01,7.265500000000031378e-01
1.609279999999999688e+01,9.187500000000028422e-01
1.399899999999999878e+01,6.338500000000024670e-01
1.399919999999999831e+01,6.336500000000029331e-01
1.489069999999999894e+01,6.148500000000023391e-01
1.509059999999999846e+01,7.045500000000028962e-01
1.509059999999999846e+01,7.045500000000028962e-01
1.550629999999999775e+01,6.570500000000034646e-01
1.456579999999999764e+01,5.739500000000035129e-01
1.336929999999999907e+01,1.118150000000001754e+00
1.461929999999999907e+01,6.826500000000024215e-01
1.461979999999999791e+01,6.821500000000035868e-01
1.489069999999999894e+01,6.148500000000023391e-01
1.483289999999999864e+01,5.824500000000032429e-01
1.773749999999999716e+01,1.095850000000005764e+00
1.706129999999999569e+01,3.569500000000047635e-01
1.476499999999999879e+01,6.374500000000029587e-01
1.730760000000000076e+01,5.763499999999979195e-01
1.654699999999999704e+01,8.837500000000062528e-01
1.514659999999999762e+01,6.989500000000035129e-01
1.606659999999999755e+01,1.070850000000003632e+00
1.439349999999999774e+01,6.279500000000037829e-01
1.439279999999999760e+01,6.294500000000038398e-01
1.439419999999999789e+01,6.272500000000036380e-01
1.540719999999999779e+01,5.893500000000031491e-01
1.194409999999999883e+01,1.243250000000003297e+00
1.413759999999999906e+01,1.337450000000002248e+00
1.473209999999999908e+01,6.955500000000025551e-01
1.451749999999999829e+01,6.649500000000028166e-01
1.285039999999999871e+01,1.161950000000002703e+00
1.645899999999999608e+01,8.381500000000059458e-01
1.645899999999999608e+01,8.381500000000059458e-01
1.705180000000000007e+01,7.581500000000005457e-01
1.484489999999999910e+01,6.084500000000030440e-01
1.413769999999999882e+01,1.337350000000002481e+00
1.522829999999999906e+01,6.118500000000022254e-01
1.194469999999999743e+01,1.242650000000004695e+00
1.581829999999999892e+01,7.375500000000005940e-01
1.586549999999999905e+01,6.867500000000017479e-01
1.572639999999999816e+01,5.848500000000029786e-01
1.483289999999999864e+01,5.824500000000032429e-01
1.477809999999999846e+01,6.310500000000036636e-01
1.410809999999999853e+01,6.194500000000022766e-01
1.683650000000000091e+01,3.940500000000000114e-01
1.684849999999999781e+01,5.481500000000032458e-01
1.611839999999999762e+01,7.729500000000051330e-01
1.581829999999999892e+01,7.375500000000005940e-01
1.592569999999999908e+01,8.109500000000018360e-01
1.586509999999999820e+01,6.907500000000013074e-01
1.450439999999999863e+01,5.867500000000021032e-01
1.817949999999999733e+01,-3.067499999999938609e-01
1.625219999999999843e+01,8.333500000000029218e-01
1.572649999999999793e+01,5.847500000000032117e-01
1.660829999999999984e+01,1.029450000000000642e+00
1.572429999999999772e+01,5.869500000000034134e-01
1.561419999999999852e+01,7.858500000000017138e-01
1.227609999999999779e+01,1.335950000000003968e+00
1.227679999999999794e+01,1.335250000000003823e+00
1.579159999999999897e+01,8.344500000000003581e-01
1.672540000000000049e+01,6.950500000000019440e-01
1.711159999999999570e+01,4.084500000000055309e-01
1.608899999999999864e+01,8.496500000000040131e-01
1.478339999999999854e+01,6.528500000000025949e-01
1.478339999999999854e+01,6.528500000000025949e-01
1.701039999999999708e+01,1.337650000000003558e+00
1.247129999999999761e+01,5.843500000000041439e-01
1.379939999999999856e+01,3.590500000000034220e-01
1.379979999999999762e+01,3.586500000000043542e-01
1.572909999999999897e+01,8.138500000000021828e-01
1.379949999999999832e+01,3.589500000000036550e-01
1.505809999999999782e+01,7.162500000000040501e-01
1.505789999999999829e+01,7.164500000000035840e-01
1.287799999999999834e+01,1.177150000000002805e+00
1.497269999999999790e+01,6.922500000000031406e-01
1.414069999999999894e+01,6.663500000000031065e-01
1.414069999999999894e+01,6.663500000000031065e-01
1.540249999999999808e+01,6.170500000000043173e-01
1.521689999999999898e+01,1.221250000000001279e+00
1.521679999999999744e+01,1.221350000000002822e+00
1.713119999999999976e+01,7.801499999999990109e-01
1.236149999999999771e+01,1.329150000000003828e+00
1.463649999999999807e+01,5.534500000000033282e-01
1.162129999999999797e+01,1.116250000000002629e+00
1.546749999999999758e+01,6.284500000000043940e-01
1.464219999999999899e+01,6.628500000000023817e-01
1.591869999999999763e+01,7.371500000000033026e-01
1.639509999999999934e+01,8.597500000000017906e-01
1.494729999999999848e+01,5.433500000000019980e-01
1.415419999999999767e+01,9.060500000000040188e-01
1.566949999999999754e+01,6.349500000000052324e-01
1.693769999999999953e+01,6.916500000000027626e-01
1.631589999999999918e+01,6.202500000000021885e-01
1.451569999999999894e+01,5.997500000000020037e-01
1.451529999999999809e+01,6.001500000000028479e-01
1.391329999999999778e+01,5.976500000000033452e-01
1.571429999999999794e+01,5.291500000000048942e-01
1.591849999999999810e+01,7.373500000000028365e-01
1.591869999999999763e+01,7.371500000000033026e-01
1.589199999999999768e+01,7.638500000000032486e-01
1.677449999999999619e+01,1.434850000000004400e+00
1.612379999999999569e+01,7.607500000000051443e-01
1.246329999999999849e+01,2.158500000000032060e-01
1.391329999999999778e+01,5.976500000000033452e-01
1.422939999999999827e+01,8.913500000000027512e-01
1.622229999999999706e+01,1.038950000000003371e+00
1.538599999999999746e+01,7.826500000000020663e-01
1.443149999999999800e+01,8.460500000000035214e-01
1.444329999999999892e+01,8.342500000000026006e-01
1.588959999999999795e+01,8.693500000000007333e-01
1.595019999999999882e+01,7.348500000000015575e-01
1.391479999999999784e+01,7.036500000000032173e-01
1.746940000000000026e+01,1.893050000000002342e+00
1.442689999999999806e+01,6.196500000000035868e-01
1.182399999999999807e+01,1.233950000000003655e+00
1.576189999999999891e+01,6.063500000000043855e-01
1.290769999999999840e+01,1.030550000000003408e+00
1.290759999999999863e+01,1.030650000000003175e+00
1.553629999999999889e+01,8.466500000000021231e-01
1.588949999999999818e+01,8.694500000000005002e-01
1.739389999999999858e+01,6.258500000000033481e-01
1.756539999999999679e+01,2.619500000000059003e-01
1.662650000000000006e+01,1.020450000000003854e+00
1.560589999999999833e+01,6.087500000000005684e-01
1.552659999999999840e+01,6.880500000000004945e-01
1.421649999999999814e+01,6.631500000000034589e-01
1.644630000000000081e+01,4.506500000000031037e-01
1.382089999999999819e+01,1.123350000000003845e+00
1.182399999999999807e+01,1.233950000000003655e+00
1.626099999999999568e+01,8.073500000000066734e-01
1.670979999999999777e+01,7.799500000000030298e-01
1.182329999999999792e+01,1.234650000000003800e+00
1.582209999999999894e+01,7.266500000000029047e-01
1.472799999999999798e+01,6.305500000000030525e-01
1.635019999999999740e+01,9.075500000000040757e-01
1.512599999999999767e+01,1.187550000000001660e+00
1.629609999999999914e+01,9.146500000000017394e-01
1.482469999999999821e+01,5.998500000000035470e-01
1.327799999999999869e+01,1.148250000000002657e+00
1.584929999999999772e+01,7.052500000000012648e-01
1.293109999999999893e+01,1.141850000000001586e+00
1.263069999999999915e+01,9.734500000000014808e-01
1.500399999999999778e+01,6.516500000000036152e-01
1.502729999999999855e+01,7.437500000000021316e-01
1.418229999999999791e+01,6.858500000000038455e-01
1.638309999999999889e+01,7.441500000000047521e-01
1.620079999999999742e+01,7.181500000000049511e-01
1.467879999999999896e+01,6.070500000000027541e-01
1.223719999999999786e+01,1.114450000000003271e+00
1.519469999999999743e+01,7.851500000000033452e-01
1.704439999999999600e+01,8.223500000000072419e-01
1.488259999999999827e+01,6.340500000000037772e-01
1.370749999999999780e+01,6.889500000000037261e-01
1.370759999999999756e+01,6.888500000000039591e-01
1.364519999999999911e+01,6.588500000000028223e-01
1.506009999999999849e+01,5.912500000000022737e-01
1.418229999999999791e+01,6.858500000000038455e-01
1.584649999999999892e+01,5.438500000000026091e-01
1.698229999999999862e+01,1.310550000000002768e+00
1.483369999999999855e+01,6.300500000000024414e-01
1.466509999999999891e+01,7.250500000000030809e-01
1.658709999999999951e+01,9.080500000000029104e-01
1.519469999999999743e+01,7.851500000000033452e-01
1.428679999999999772e+01,6.850500000000039336e-01
1.245329999999999870e+01,1.343850000000003320e+00
1.670239999999999725e+01,7.343500000000062755e-01
1.223699999999999832e+01,1.114650000000002805e+00
1.223719999999999786e+01,1.114450000000003271e+00
1.547719999999999807e+01,7.021500000000013841e-01
1.540109999999999779e+01,7.555500000000012761e-01
1.329969999999999786e+01,1.126650000000003260e+00
1.447869999999999813e+01,5.935500000000040188e-01
1.223699999999999832e+01,1.114650000000002805e+00
1.686079999999999757e+01,8.315500000000035641e-01
1.490589999999999904e+01,6.638500000000018275e-01
1.530029999999999824e+01,6.291500000000027626e-01
1.490859999999999808e+01,6.611500000000027910e-01
1.478679999999999772e+01,6.655500000000031946e-01
1.365449999999999875e+01,8.860500000000026688e-01
1.365449999999999875e+01,8.860500000000026688e-01
1.302739999999999831e+01,3.060500000000025977e-01
1.655319999999999681e+01,8.726500000000037005e-01
1.457439999999999891e+01,6.819500000000022766e-01
1.604619999999999891e+01,9.712500000000048317e-01
1.223719999999999786e+01,1.114850000000004115e+00
1.303329999999999878e+01,1.171650000000003189e+00
1.591139999999999866e+01,6.124500000000043798e-01
1.443309999999999782e+01,6.486500000000035016e-01
1.443309999999999782e+01,6.486500000000035016e-01
1.322619999999999862e+01,1.047550000000002868e+00
1.323099999999999810e+01,1.042750000000003396e+00
1.303399999999999892e+01,1.171450000000001879e+00
1.619200000000000017e+01,7.369500000000002160e-01
1.479459999999999908e+01,6.140500000000024272e-01
1.560289999999999822e+01,9.953500000000019554e-01
1.619200000000000017e+01,7.369500000000002160e-01
1.697229999999999706e+01,1.467550000000002797e+00
1.502849999999999753e+01,9.217500000000029559e-01
1.431539999999999857e+01,5.922500000000034959e-01
1.357039999999999758e+01,6.630500000000036920e-01
1.357039999999999758e+01,6.630500000000036920e-01
1.659319999999999595e+01,6.901500000000027057e-01
1.466949999999999754e+01,5.981500000000039563e-01
1.291329999999999778e+01,1.158350000000003988e+00
1.637879999999999825e+01,6.607500000000037232e-01
1.335459999999999781e+01,4.230500000000034788e-01
1.479329999999999856e+01,6.153500000000029502e-01
1.479349999999999810e+01,6.151500000000034163e-01
1.546489999999999831e+01,6.470500000000019014e-01
1.456439999999999912e+01,6.325500000000019440e-01
1.172459999999999880e+01,-1.344999999999707541e-02
1.172459999999999880e+01,-1.344999999999707541e-02
1.172029999999999816e+01,-9.149999999996438760e-03
1.172029999999999816e+01,-9.149999999996438760e-03
1.247439999999999749e+01,1.119150000000002976e+00
1.378719999999999857e+01,7.319500000000029871e-01
1.584149999999999814e+01,8.255500000000051131e-01
1.456409999999999805e+01,6.328500000000030212e-01
1.466949999999999754e+01,5.981500000000039563e-01
1.634849999999999781e+01,1.417250000000002785e+00
1.391279999999999895e+01,6.952500000000014779e-01
1.594149999999999778e+01,6.945500000000031093e-01
1.289239999999999853e+01,1.172850000000002169e+00
1.445479999999999876e+01,6.176500000000029189e-01
1.586469999999999914e+01,8.023500000000041155e-01
1.556209999999999916e+01,6.968499999999995254e-01
1.553219999999999779e+01,7.734500000000021913e-01
1.458019999999999783e+01,5.610500000000033793e-01
1.408229999999999826e+01,8.879500000000035698e-01
1.315619999999999834e+01,1.129350000000002296e+00
1.380659999999999776e+01,8.784500000000026176e-01
1.408239999999999803e+01,8.878500000000038028e-01
1.437939999999999863e+01,6.256500000000020378e-01
1.412399999999999878e+01,7.401500000000016399e-01
1.595089999999999897e+01,7.385500000000018161e-01
1.534789999999999743e+01,7.443500000000025096e-01
1.426019999999999754e+01,6.029500000000034277e-01
1.275789999999999758e+01,1.184050000000004488e+00
1.483739999999999881e+01,6.216500000000024784e-01
1.289249999999999829e+01,1.172750000000002402e+00
1.422549999999999848e+01,6.820500000000020435e-01
1.458019999999999783e+01,5.610500000000033793e-01
1.466709999999999781e+01,6.007500000000032259e-01
1.535659999999999847e+01,1.109550000000000480e+00
1.304989999999999739e+01,1.173250000000003013e+00
1.305079999999999885e+01,1.172350000000001558e+00
1.423719999999999786e+01,6.758500000000040586e-01
1.545759999999999756e+01,6.943500000000017991e-01
1.721340000000000003e+01,1.427849999999999397e+00
1.380649999999999800e+01,8.785500000000023846e-01
1.380669999999999753e+01,8.783500000000028507e-01
1.614470000000000027e+01,1.133050000000000779e+00
1.361769999999999747e+01,6.156500000000040274e-01
1.380669999999999753e+01,8.783500000000028507e-01
1.412829999999999764e+01,7.320500000000027541e-01
1.445409999999999862e+01,6.305500000000030525e-01
1.680069999999999908e+01,9.350500000000039336e-01
1.434479999999999755e+01,5.985500000000030241e-01
1.545759999999999756e+01,6.943500000000017991e-01
1.316329999999999778e+01,1.085950000000003968e+00
1.430799999999999805e+01,6.274500000000031719e-01
1.602959999999999852e+01,7.882500000000014495e-01
1.406759999999999877e+01,6.906500000000033168e-01
1.354849999999999888e+01,6.124500000000026034e-01
1.329919999999999902e+01,5.279500000000023618e-01
1.494929999999999914e+01,9.355500000000027683e-01
1.329919999999999902e+01,5.279500000000023618e-01
1.397229999999999883e+01,5.721500000000023789e-01
1.396999999999999886e+01,5.744500000000023476e-01
1.590419999999999767e+01,6.340500000000037772e-01
1.354849999999999888e+01,6.124500000000026034e-01
1.354849999999999888e+01,6.124500000000026034e-01
1.691069999999999851e+01,4.701500000000038426e-01
1.605319999999999681e+01,7.095500000000036778e-01
1.605780000000000030e+01,7.049500000000001876e-01
1.629589999999999606e+01,7.299500000000058719e-01
1.527559999999999896e+01,9.700500000000022993e-01
1.511369999999999791e+01,6.189500000000034419e-01
1.445409999999999862e+01,6.305500000000030525e-01
1.445399999999999885e+01,6.306500000000028194e-01
1.380639999999999823e+01,8.786500000000021515e-01
1.652989999999999782e+01,7.294500000000034845e-01
1.541869999999999763e+01,9.745500000000042462e-01
1.563699999999999868e+01,6.302500000000019753e-01
1.498869999999999791e+01,6.462500000000037659e-01
1.541529999999999845e+01,7.431500000000035300e-01
1.360499999999999865e+01,3.704500000000034987e-01
1.423839999999999861e+01,6.463500000000035328e-01
1.360499999999999865e+01,3.704500000000034987e-01
1.579859999999999864e+01,7.368500000000022254e-01
1.498829999999999885e+01,6.466500000000028336e-01
1.469839999999999769e+01,6.508500000000037033e-01
1.748579999999999757e+01,3.213500000000024670e-01
1.712609999999999744e+01,1.159150000000003899e+00
1.465219999999999878e+01,8.561500000000030752e-01
1.469869999999999877e+01,6.505500000000026262e-01
1.440739999999999910e+01,6.075500000000015888e-01
1.425769999999999804e+01,6.268500000000027939e-01
1.469389999999999752e+01,6.765500000000042036e-01
1.469409999999999883e+01,6.763500000000028933e-01
1.684099999999999753e+01,1.151450000000004081e+00
1.460959999999999859e+01,6.432500000000018758e-01
1.449139999999999873e+01,6.537500000000022737e-01
1.532439999999999891e+01,7.472500000000028564e-01
1.413689999999999891e+01,6.977500000000027569e-01
1.610399999999999920e+01,7.359500000000025466e-01
1.291619999999999813e+01,1.139950000000002461e+00
1.407119999999999749e+01,6.991500000000030468e-01
1.413749999999999751e+01,6.831500000000030326e-01
1.413749999999999751e+01,6.831500000000030326e-01
1.562369999999999770e+01,7.329500000000042093e-01
1.408329999999999771e+01,7.043500000000033623e-01
1.320209999999999795e+01,1.176450000000002660e+00
1.460929999999999751e+01,6.435500000000029530e-01
1.302179999999999893e+01,1.129350000000002296e+00
1.590369999999999884e+01,1.156750000000004164e+00
1.590379999999999860e+01,1.156650000000004397e+00
1.556829999999999892e+01,7.606500000000000483e-01
1.436469999999999914e+01,6.466500000000028336e-01
1.682039999999999935e+01,1.011850000000002581e+00
1.302739999999999831e+01,1.104950000000002319e+00
1.539469999999999850e+01,7.381500000000027484e-01
1.234409999999999741e+01,1.205550000000004118e+00
1.460959999999999859e+01,6.432500000000018758e-01
1.743859999999999744e+01,7.457500000000045759e-01
1.443179999999999907e+01,6.210500000000021004e-01
1.413569999999999816e+01,6.989500000000035129e-01
1.443479999999999741e+01,6.180500000000037630e-01
1.558509999999999884e+01,5.611500000000031463e-01
1.491009999999999813e+01,6.667500000000039506e-01
1.527189999999999870e+01,6.347500000000021458e-01
1.747139999999999915e+01,1.100450000000002149e+00
1.456459999999999866e+01,8.557500000000022311e-01
1.691669999999999874e+01,1.095550000000002910e+00
1.411909999999999776e+01,6.440500000000035641e-01
1.456689999999999863e+01,8.534500000000022624e-01
1.234409999999999741e+01,1.205550000000004118e+00
1.513389999999999880e+01,6.628500000000023817e-01
1.532639999999999780e+01,7.652500000000035385e-01
1.415089999999999826e+01,6.358500000000031349e-01
1.558649999999999913e+01,6.868500000000015149e-01
1.694719999999999871e+01,1.771050000000002456e+00
1.558649999999999913e+01,6.868500000000015149e-01
1.341749999999999865e+01,1.118650000000002365e+00
1.302629999999999910e+01,1.106050000000001532e+00
1.456659999999999755e+01,8.537500000000033396e-01
1.294009999999999749e+01,1.099350000000002936e+00
1.645179999999999865e+01,7.600500000000032230e-01
1.293999999999999773e+01,1.099450000000002703e+00
1.489759999999999884e+01,6.630500000000019156e-01
1.599439999999999884e+01,6.103500000000039449e-01
1.559269999999999889e+01,6.583500000000004349e-01
1.462639999999999851e+01,6.448500000000034760e-01
1.629219999999999757e+01,9.185500000000033083e-01
1.521549999999999869e+01,7.850500000000018019e-01
1.314849999999999852e+01,1.154250000000002885e+00
1.510049999999999848e+01,6.117500000000024585e-01
1.530939999999999834e+01,6.158500000000035612e-01
1.504559999999999853e+01,6.287500000000019185e-01
1.484499999999999886e+01,5.724500000000016797e-01
1.583579999999999899e+01,1.137250000000001648e+00
1.483419999999999916e+01,5.832500000000013785e-01
1.477849999999999753e+01,5.521500000000045816e-01
1.560099999999999909e+01,6.632500000000014495e-01
1.152279999999999660e+01,1.244050000000004985e+00
1.427799999999999869e+01,5.226500000000022794e-01
1.519659999999999833e+01,5.813500000000022538e-01
1.618750000000000000e+01,1.004550000000001830e+00
1.519329999999999892e+01,9.848500000000033339e-01
1.441539999999999822e+01,6.006500000000034589e-01
1.442079999999999806e+01,5.952500000000036096e-01
1.526149999999999807e+01,6.317500000000038085e-01
1.397099999999999831e+01,7.113500000000030354e-01
1.552099999999999902e+01,5.133500000000044139e-01
1.670389999999999731e+01,5.531500000000022510e-01
1.451469999999999771e+01,6.832500000000027995e-01
1.756210000000000093e+01,7.203499999999998238e-01
1.530889999999999773e+01,6.163500000000041723e-01
1.396729999999999805e+01,7.150500000000032941e-01
1.541099999999999781e+01,8.414500000000053603e-01
1.391529999999999845e+01,6.621500000000022368e-01
1.391559999999999775e+01,6.618500000000029360e-01
1.487469999999999892e+01,5.750500000000027256e-01
1.337969999999999793e+01,6.912500000000036948e-01
1.741949999999999932e+01,1.076150000000001938e+00
1.400499999999999901e+01,6.472500000000014353e-01
1.630480000000000018e+01,8.442500000000023874e-01
1.338699999999999868e+01,1.265250000000001762e+00
1.498309999999999853e+01,5.532500000000020179e-01
1.540509999999999913e+01,7.220500000000011909e-01
1.602449999999999619e+01,4.762500000000073896e-01
1.672370000000000090e+01,1.076550000000001006e+00
1.408079999999999821e+01,6.702500000000028990e-01
1.512939999999999863e+01,5.946500000000032315e-01
1.434339999999999904e+01,6.175500000000013756e-01
1.630480000000000018e+01,8.442500000000023874e-01
1.609579999999999700e+01,7.450500000000062073e-01
1.472489999999999810e+01,6.750500000000023704e-01
1.493569999999999887e+01,5.452500000000028990e-01
1.546049999999999791e+01,7.326500000000049084e-01
1.408119999999999905e+01,6.698500000000020549e-01
1.648749999999999716e+01,6.000500000000030809e-01
1.685299999999999798e+01,1.693650000000001654e+00
1.640399999999999636e+01,1.024250000000005656e+00
1.400429999999999886e+01,6.479500000000015802e-01
1.633699999999999619e+01,7.720500000000072305e-01
1.586799999999999855e+01,6.493500000000018701e-01
1.350959999999999894e+01,6.437500000000024869e-01
1.489719999999999800e+01,5.308500000000027086e-01
1.601929999999999765e+01,9.926500000000011426e-01
1.510949999999999882e+01,6.367500000000028137e-01
1.558409999999999762e+01,5.682500000000043627e-01
1.765379999999999683e+01,5.416500000000041837e-01
1.599009999999999820e+01,7.047500000000042064e-01
1.321589999999999776e+01,6.227500000000034674e-01
1.369299999999999784e+01,6.471500000000034447e-01
1.584019999999999762e+01,5.850500000000042888e-01
1.643619999999999948e+01,7.456500000000012562e-01
1.403909999999999769e+01,7.451500000000041979e-01
1.500359999999999872e+01,7.776500000000030610e-01
1.417259999999999742e+01,7.271500000000035158e-01
1.694129999999999825e+01,5.300500000000027967e-01
1.432939999999999792e+01,6.361500000000042121e-01
1.510789999999999900e+01,1.176250000000004903e+00
1.767149999999999821e+01,3.765500000000052694e-01
1.671559999999999846e+01,7.086500000000022226e-01
1.350639999999999752e+01,6.479500000000033566e-01
1.420649999999999835e+01,6.420500000000028962e-01
1.300029999999999752e+01,9.623500000000042576e-01
1.299999999999999822e+01,9.628500000000030923e-01
1.300399999999999778e+01,9.586500000000039989e-01
1.644599999999999795e+01,7.006500000000031037e-01
1.494079999999999764e+01,6.088500000000038881e-01
1.539579999999999771e+01,6.551500000000025636e-01
1.465329999999999799e+01,5.944500000000036977e-01
1.465329999999999799e+01,5.944500000000036977e-01
1.574149999999999849e+01,7.674500000000001876e-01
1.594479999999999897e+01,8.959500000000009123e-01
1.243399999999999750e+01,4.675500000000045731e-01
1.243449999999999811e+01,4.670500000000039620e-01
1.497039999999999793e+01,7.453500000000037318e-01
1.429659999999999798e+01,6.107500000000030127e-01
1.388479999999999848e+01,6.084500000000030440e-01
1.391489999999999760e+01,6.977500000000045333e-01
1.410689999999999777e+01,1.242150000000004084e+00
1.737079999999999913e+01,7.645500000000033936e-01
1.446679999999999744e+01,6.850500000000039336e-01
1.395899999999999785e+01,1.154550000000003962e+00
1.625059999999999860e+01,6.314500000000009550e-01
1.410689999999999777e+01,1.242150000000004084e+00
1.111409999999999698e+01,-2.715499999999941849e-01
1.500949999999999740e+01,8.326500000000045532e-01
1.656409999999999627e+01,9.971500000000048658e-01
1.358359999999999879e+01,6.843500000000020123e-01
1.358359999999999879e+01,6.843500000000020123e-01
1.445309999999999739e+01,7.857500000000037232e-01
1.469349999999999845e+01,6.712500000000023448e-01
1.623329999999999984e+01,9.821500000000007446e-01
1.526619999999999777e+01,7.762500000000045475e-01
1.417319999999999780e+01,5.888500000000043144e-01
1.417189999999999905e+01,5.901500000000030610e-01
1.464829999999999899e+01,6.666500000000024073e-01
1.243399999999999750e+01,4.675500000000045731e-01
1.275609999999999822e+01,3.978500000000035897e-01
1.412219999999999764e+01,6.845500000000033225e-01
1.269269999999999854e+01,1.033750000000003055e+00
1.559169999999999767e+01,6.763500000000046697e-01
1.680969999999999942e+01,9.317500000000009663e-01
1.356199999999999761e+01,4.962500000000034106e-01
1.306889999999999752e+01,1.130950000000003897e+00
1.523459999999999859e+01,7.274500000000028166e-01
1.710009999999999764e+01,7.780500000000039051e-01
1.655899999999999750e+01,1.002250000000003638e+00
1.646189999999999998e+01,1.176850000000001728e+00
1.607979999999999876e+01,8.456500000000026773e-01
1.428929999999999900e+01,6.234500000000018360e-01
1.657539999999999836e+01,1.399450000000005190e+00
1.375279999999999880e+01,7.430500000000019867e-01
1.482319999999999816e+01,7.154500000000023618e-01
1.356199999999999761e+01,4.962500000000034106e-01
1.224979999999999869e+01,1.251550000000001717e+00
1.412219999999999764e+01,6.845500000000033225e-01
1.428929999999999900e+01,6.234500000000018360e-01
1.405389999999999873e+01,5.995500000000024698e-01
1.472699999999999854e+01,5.511500000000033594e-01
1.653149999999999764e+01,1.107250000000004064e+00
1.275609999999999822e+01,3.978500000000035897e-01
1.415079999999999849e+01,6.747500000000030695e-01
1.414999999999999858e+01,6.755500000000029814e-01
1.561719999999999864e+01,8.054500000000022197e-01
1.420199999999999818e+01,6.248500000000039023e-01
1.635199999999999676e+01,1.011750000000006366e+00
1.381809999999999761e+01,5.242500000000038796e-01
1.646229999999999905e+01,9.368499999999997385e-01
1.442229999999999812e+01,5.754500000000035698e-01
1.618130000000000024e+01,5.925500000000027967e-01
1.554509999999999792e+01,6.680500000000009209e-01
1.565649999999999764e+01,6.121500000000033026e-01
1.345529999999999760e+01,3.317500000000030980e-01
1.380759999999999899e+01,3.526500000000023505e-01
1.456929999999999836e+01,1.237850000000003448e+00
1.413089999999999868e+01,6.599500000000020350e-01
1.614679999999999893e+01,8.527500000000003411e-01
1.411129999999999818e+01,7.501500000000032031e-01
1.564889999999999759e+01,6.197500000000033538e-01
1.523699999999999832e+01,6.780500000000024841e-01
1.478939999999999877e+01,6.196500000000018105e-01
1.369849999999999746e+01,6.236500000000031463e-01
1.474859999999999793e+01,8.962500000000037659e-01
1.471059999999999768e+01,5.675500000000042178e-01
1.197029999999999816e+01,9.856500000000032458e-01
1.306959999999999766e+01,1.146050000000004232e+00
1.457039999999999758e+01,1.236750000000004235e+00
1.644239999999999924e+01,7.514500000000019497e-01
1.644439999999999813e+01,6.659500000000022624e-01
1.418929999999999758e+01,6.533500000000032060e-01
1.448679999999999879e+01,6.396500000000031605e-01
1.431099999999999817e+01,6.290500000000029956e-01
1.554509999999999792e+01,6.679500000000047066e-01
1.380869999999999820e+01,3.515500000000031378e-01
1.452159999999999762e+01,5.997500000000037801e-01
1.630549999999999855e+01,8.569500000000012108e-01
1.604419999999999646e+01,8.263500000000050250e-01
1.415009999999999835e+01,6.754500000000032145e-01
1.474519999999999875e+01,6.648500000000030496e-01
1.651289999999999836e+01,7.747500000000009379e-01
1.409199999999999875e+01,7.026500000000019952e-01
1.457039999999999758e+01,1.236750000000004235e+00
1.506129999999999747e+01,6.599500000000038114e-01
1.378919999999999746e+01,6.809500000000046072e-01
1.480869999999999820e+01,6.893500000000027939e-01
1.296309999999999896e+01,1.200250000000002260e+00
1.474519999999999875e+01,6.648500000000030496e-01
1.438089999999999868e+01,6.434500000000031861e-01
1.506129999999999747e+01,6.599500000000038114e-01
1.455449999999999910e+01,8.827500000000014779e-01
1.639979999999999905e+01,6.624499999999997613e-01
1.641899999999999693e+01,5.537500000000044054e-01
1.642830000000000013e+01,1.033950000000000813e+00
1.437449999999999761e+01,6.274500000000031719e-01
1.453359999999999808e+01,6.420500000000028962e-01
1.470799999999999841e+01,6.188500000000036749e-01
1.481079999999999863e+01,6.872500000000023590e-01
1.296299999999999741e+01,1.200350000000003803e+00
1.333079999999999821e+01,1.137750000000002260e+00
1.437239999999999895e+01,6.744500000000019924e-01
1.437239999999999895e+01,6.744500000000019924e-01
1.378909999999999769e+01,6.810500000000043741e-01
1.504319999999999879e+01,7.160500000000027399e-01
1.455909999999999904e+01,5.900500000000015177e-01
1.505339999999999812e+01,6.678500000000031633e-01
1.678599999999999781e+01,1.079050000000005838e+00
1.474619999999999820e+01,8.986500000000035016e-01
1.559189999999999898e+01,8.333500000000029218e-01
1.681380000000000052e+01,5.557500000000032969e-01
1.722319999999999851e+01,2.031550000000002854e+00
1.581449999999999889e+01,6.724500000000013245e-01
1.661869999999999692e+01,8.415500000000051273e-01
1.453049999999999820e+01,9.649500000000035271e-01
1.677299999999999613e+01,1.005550000000006605e+00
1.401759999999999806e+01,7.879500000000039250e-01
1.656189999999999785e+01,1.169550000000004530e+00
1.665359999999999729e+01,9.299500000000051614e-01
1.485439999999999827e+01,6.397500000000029274e-01
1.628669999999999618e+01,8.107500000000058549e-01
1.592099999999999760e+01,7.137500000000063238e-01
1.448239999999999839e+01,1.067150000000003374e+00
1.535149999999999793e+01,7.434500000000028308e-01
1.494149999999999778e+01,6.867500000000035243e-01
1.235799999999999876e+01,1.329050000000002285e+00
1.502049999999999841e+01,7.845500000000029672e-01
1.293859999999999744e+01,1.068250000000004363e+00
1.400259999999999749e+01,1.354450000000003485e+00
1.400259999999999749e+01,1.354450000000003485e+00
1.592159999999999798e+01,7.131500000000059458e-01
1.241649999999999743e+01,1.315850000000004627e+00
1.524159999999999826e+01,7.111500000000035016e-01
1.524159999999999826e+01,7.111500000000035016e-01
1.503109999999999857e+01,5.643500000000027939e-01
1.444889999999999830e+01,6.456500000000033879e-01
1.444899999999999807e+01,6.455500000000036209e-01
1.381209999999999916e+01,5.901500000000012847e-01
1.381419999999999781e+01,5.880500000000026262e-01
1.280129999999999768e+01,1.306250000000003908e+00
1.533309999999999818e+01,5.293500000000026517e-01
1.480629999999999846e+01,5.811500000000027200e-01
1.280119999999999791e+01,1.306350000000003675e+00
1.659609999999999985e+01,6.127500000000019043e-01
1.701019999999999754e+01,8.367500000000021032e-01
1.682859999999999800e+01,7.820500000000016882e-01
1.400259999999999749e+01,1.354450000000003485e+00
1.482769999999999833e+01,6.800500000000031520e-01
1.418409999999999904e+01,6.543500000000026517e-01
1.443949999999999889e+01,6.568500000000021544e-01
1.670159999999999911e+01,1.075150000000000716e+00
1.241649999999999743e+01,1.315850000000004627e+00
1.364769999999999861e+01,8.051500000000029189e-01
1.547069999999999901e+01,7.207500000000042206e-01
1.695229999999999748e+01,1.381350000000001188e+00
1.364769999999999861e+01,8.051500000000029189e-01
1.241649999999999743e+01,1.315850000000004627e+00
1.618419999999999703e+01,8.199500000000057298e-01
1.739929999999999666e+01,1.687150000000002592e+00
1.263779999999999859e+01,1.344750000000002998e+00
1.435779999999999745e+01,6.815500000000032088e-01
1.583029999999999760e+01,8.800500000000042178e-01
1.728499999999999659e+01,1.151250000000004547e+00
1.699479999999999791e+01,1.596750000000003666e+00
1.435769999999999769e+01,6.816500000000029758e-01
1.318759999999999799e+01,1.171950000000002490e+00
1.263779999999999859e+01,1.344750000000002998e+00
1.476299999999999812e+01,5.649500000000031719e-01
1.597429999999999772e+01,1.080650000000003885e+00
1.443049999999999855e+01,8.393500000000031491e-01
1.270159999999999911e+01,8.433500000000027086e-01
1.241649999999999743e+01,1.315850000000004627e+00
1.443029999999999902e+01,8.395500000000026830e-01
1.322789999999999822e+01,1.150750000000002160e+00
1.699479999999999791e+01,1.596750000000003666e+00
1.600989999999999824e+01,5.584500000000041098e-01
1.488969999999999771e+01,5.971500000000027342e-01
1.722560000000000002e+01,3.194350000000000023e+00
1.301819999999999844e+01,1.166850000000001941e+00
1.298009999999999842e+01,1.162250000000002004e+00
1.465139999999999887e+01,6.229500000000030013e-01
1.575379999999999825e+01,5.750500000000045020e-01
1.531749999999999901e+01,7.491500000000037573e-01
1.240929999999999822e+01,1.239350000000003504e+00
1.398059999999999903e+01,6.531500000000018957e-01
1.508059999999999867e+01,6.626500000000028479e-01
1.508059999999999867e+01,6.626500000000028479e-01
1.506989999999999874e+01,5.950500000000022993e-01
1.572429999999999772e+01,6.013500000000053802e-01
1.616619999999999635e+01,5.184500000000049624e-01
1.433369999999999855e+01,6.753500000000034476e-01
1.637669999999999959e+01,8.619500000000002160e-01
1.723329999999999984e+01,1.037449999999999761e+00
1.650569999999999737e+01,1.355050000000005639e+00
1.582769999999999833e+01,6.326500000000034873e-01
1.273739999999999739e+01,6.949500000000039535e-01
1.692399999999999949e+01,1.023949999999999250e+00
1.658789999999999765e+01,1.020450000000003854e+00
1.431269999999999776e+01,6.676500000000036295e-01
1.240929999999999822e+01,1.239350000000003504e+00
1.523599999999999888e+01,7.644500000000018503e-01
1.637669999999999959e+01,8.619500000000002160e-01
1.433349999999999902e+01,6.755500000000029814e-01
1.644919999999999760e+01,1.001150000000002649e+00
1.627389999999999759e+01,6.634500000000045361e-01
1.745219999999999771e+01,3.402500000000046043e-01
1.358809999999999896e+01,6.489500000000028024e-01
1.495949999999999847e+01,5.784500000000036835e-01
1.729849999999999710e+01,6.168500000000065597e-01
1.709720000000000084e+01,4.144500000000022055e-01
1.129889999999999972e+01,1.188350000000001572e+00
1.521189999999999820e+01,6.328500000000030212e-01
1.521449999999999747e+01,6.302500000000037517e-01
1.192089999999999783e+01,2.308500000000037744e-01
1.512879999999999825e+01,7.742500000000038796e-01
1.335579999999999856e+01,1.093350000000002709e+00
1.335549999999999748e+01,1.093650000000003786e+00
1.486249999999999893e+01,7.146500000000024500e-01
1.512879999999999825e+01,7.742500000000038796e-01
1.554889999999999795e+01,7.920500000000014751e-01
1.659849999999999781e+01,1.206250000000004263e+00
1.625469999999999970e+01,6.973500000000001364e-01
1.637500000000000000e+01,5.770499999999998408e-01
1.612099999999999866e+01,7.184500000000006992e-01
1.521449999999999747e+01,6.302500000000037517e-01
1.358709999999999773e+01,6.499500000000040245e-01
1.425709999999999766e+01,6.502500000000033253e-01
1.445959999999999823e+01,7.209500000000037545e-01
1.425099999999999767e+01,6.937500000000031974e-01
1.512789999999999857e+01,7.751500000000035584e-01
1.589749999999999908e+01,8.246500000000001052e-01
1.129889999999999972e+01,1.188350000000001572e+00
1.425259999999999749e+01,7.106500000000028905e-01
1.498529999999999873e+01,8.468500000000016570e-01
1.445419999999999838e+01,6.207500000000027995e-01
1.450619999999999798e+01,6.575500000000040757e-01
1.423509999999999742e+01,5.962500000000030553e-01
1.508669999999999867e+01,7.017500000000023164e-01
1.579049999999999798e+01,8.205500000000007788e-01
1.312879999999999825e+01,1.305950000000002831e+00
1.129889999999999972e+01,1.188350000000001572e+00
1.357949999999999768e+01,6.579500000000031434e-01
1.192069999999999830e+01,2.310500000000033083e-01
1.497409999999999819e+01,1.020750000000003155e+00
1.406179999999999808e+01,1.988950000000002660e+00
1.582419999999999760e+01,8.342500000000043769e-01
1.219879999999999853e+01,1.321450000000002234e+00
1.460679999999999801e+01,6.576500000000038426e-01
1.312889999999999802e+01,1.305850000000003064e+00
1.603709999999999880e+01,7.752500000000033253e-01
1.399419999999999753e+01,6.421500000000044395e-01
1.657319999999999993e+01,9.461500000000029331e-01
1.506449999999999889e+01,6.564500000000030866e-01
1.425259999999999749e+01,7.106500000000028905e-01
1.582429999999999914e+01,1.210150000000000503e+00
1.568919999999999781e+01,7.944500000000029871e-01
1.219879999999999853e+01,1.321650000000003544e+00
1.558679999999999843e+01,6.322500000000044196e-01
1.430679999999999907e+01,6.389500000000030155e-01
1.602529999999999788e+01,7.535500000000041609e-01
1.438389999999999880e+01,6.977500000000027569e-01
1.630959999999999610e+01,8.877500000000040359e-01
1.594279999999999831e+01,7.329500000000024329e-01
1.458979999999999855e+01,6.484500000000021913e-01
1.525669999999999860e+01,4.594500000000021345e-01
1.657289999999999708e+01,9.464500000000057867e-01
1.352989999999999782e+01,6.101500000000026347e-01
1.601329999999999742e+01,6.008500000000047692e-01
1.502119999999999855e+01,6.140500000000024272e-01
1.672090000000000032e+01,1.198550000000000892e+00
1.743869999999999720e+01,1.839350000000003149e+00
1.408809999999999896e+01,6.147500000000025722e-01
1.430729999999999791e+01,6.384500000000041808e-01
1.533749999999999858e+01,7.292500000000003979e-01
1.458879999999999910e+01,6.494500000000016371e-01
1.704899999999999949e+01,5.297499999999999432e-01
1.219879999999999853e+01,1.321650000000003544e+00
1.649479999999999791e+01,2.544850000000003831e+00
1.482329999999999792e+01,8.704500000000034987e-01
1.451859999999999751e+01,6.544500000000041950e-01
1.451839999999999797e+01,6.546500000000037289e-01
1.711959999999999837e+01,6.411500000000032173e-01
1.233089999999999797e+01,1.131050000000003664e+00
1.482309999999999839e+01,8.706500000000030326e-01
1.534709999999999752e+01,6.402500000000035385e-01
1.505859999999999843e+01,6.104500000000037119e-01
1.482339999999999769e+01,8.703500000000037318e-01
1.584249999999999758e+01,8.299500000000037403e-01
1.612349999999999994e+01,6.887499999999988631e-01
1.379989999999999739e+01,1.241150000000004638e+00
1.424559999999999782e+01,6.223500000000026233e-01
1.424559999999999782e+01,6.223500000000026233e-01
1.598879999999999768e+01,7.005500000000033367e-01
1.583829999999999849e+01,8.341500000000028336e-01
1.514849999999999852e+01,7.819500000000019213e-01
1.664189999999999969e+01,7.325500000000033651e-01
1.441309999999999825e+01,6.415500000000022851e-01
1.492899999999999849e+01,6.593500000000034333e-01
1.315509999999999913e+01,1.161050000000001248e+00
1.529359999999999786e+01,7.350500000000010914e-01
1.495419999999999838e+01,6.103500000000021686e-01
1.368019999999999747e+01,1.498350000000003845e+00
1.400789999999999758e+01,7.031500000000043826e-01
1.613949999999999818e+01,1.079750000000004206e+00
1.400789999999999758e+01,7.031500000000043826e-01
1.405939999999999834e+01,6.211500000000036437e-01
1.365879999999999761e+01,6.602500000000031122e-01
1.365869999999999784e+01,6.603500000000028791e-01
1.610449999999999804e+01,9.042500000000011084e-01
1.265279999999999916e+01,1.355450000000002930e+00
1.772209999999999752e+01,3.189500000000045077e-01
1.358259999999999756e+01,5.161500000000032173e-01
1.626609999999999800e+01,8.403500000000043713e-01
1.360659999999999847e+01,4.921500000000023078e-01
1.577239999999999753e+01,8.308500000000051955e-01
1.577239999999999753e+01,8.308500000000051955e-01
1.615139999999999887e+01,6.984500000000046782e-01
1.529199999999999804e+01,5.466500000000031889e-01
1.668730000000000047e+01,5.130499999999997840e-01
1.599799999999999756e+01,6.453500000000040870e-01
1.267819999999999858e+01,2.604500000000022908e-01
1.562029999999999852e+01,5.811500000000027200e-01
1.405939999999999834e+01,6.211500000000036437e-01
1.496119999999999806e+01,6.127500000000036806e-01
1.496149999999999913e+01,6.124500000000026034e-01
1.631359999999999744e+01,7.661500000000032173e-01
1.646989999999999910e+01,6.431500000000021089e-01
1.672379999999999711e+01,1.085650000000004667e+00
1.518839999999999790e+01,7.066500000000033310e-01
1.315289999999999893e+01,1.163250000000001450e+00
1.506389999999999851e+01,6.481500000000028905e-01
1.678689999999999571e+01,1.267950000000006128e+00
1.571449999999999747e+01,7.624500000000047351e-01
1.671159999999999712e+01,5.751500000000042689e-01
1.646349999999999625e+01,8.734500000000053888e-01
1.646969999999999601e+01,6.433500000000051955e-01
1.549089999999999812e+01,6.380500000000051131e-01
1.498009999999999842e+01,6.828500000000037318e-01
1.492409999999999748e+01,9.277500000000031832e-01
1.588599999999999746e+01,9.483500000000031349e-01
1.558039999999999914e+01,1.294150000000000134e+00
1.480729999999999791e+01,5.976500000000033452e-01
1.524299999999999855e+01,8.482500000000037232e-01
1.459419999999999895e+01,7.244500000000027029e-01
1.432419999999999760e+01,6.487500000000032685e-01
1.410329999999999906e+01,9.206500000000019668e-01
1.459419999999999895e+01,7.244500000000027029e-01
1.298089999999999833e+01,3.339500000000032998e-01
1.646259999999999835e+01,8.150500000000029388e-01
1.591359999999999886e+01,7.565500000000007219e-01
1.296239999999999881e+01,1.263850000000003249e+00
1.511889999999999823e+01,6.386500000000037147e-01
1.405899999999999750e+01,5.939500000000030866e-01
1.405899999999999750e+01,5.939500000000030866e-01
1.405909999999999904e+01,5.938500000000015433e-01
1.528669999999999796e+01,8.566500000000036863e-01
1.588619999999999877e+01,9.481500000000018247e-01
1.449299999999999855e+01,6.202500000000021885e-01
1.449349999999999916e+01,6.197500000000015774e-01
1.606939999999999813e+01,8.501500000000028479e-01
1.421239999999999881e+01,1.133950000000002234e+00
1.296839999999999904e+01,1.198050000000002058e+00
1.296779999999999866e+01,1.198650000000002436e+00
1.479789999999999850e+01,6.749500000000026034e-01
1.478329999999999878e+01,6.895500000000023277e-01
1.511459999999999759e+01,6.783500000000035612e-01
1.561329999999999885e+01,8.366500000000023363e-01
1.599179999999999779e+01,8.460500000000052978e-01
1.417719999999999914e+01,6.924500000000026745e-01
1.497569999999999801e+01,6.274500000000031719e-01
1.561329999999999885e+01,8.366500000000023363e-01
1.202609999999999779e+01,1.432450000000002888e+00
1.813659999999999783e+01,9.155500000000031946e-01
1.467349999999999888e+01,6.212500000000016342e-01
1.559889999999999866e+01,6.412500000000012079e-01
1.351019999999999754e+01,6.651500000000041268e-01
1.719009999999999749e+01,1.026250000000004547e+00
1.202609999999999779e+01,1.432650000000004198e+00
1.405899999999999750e+01,5.939500000000030866e-01
1.646340000000000003e+01,1.072549999999999670e+00
1.433469999999999800e+01,6.485500000000037346e-01
1.464309999999999867e+01,6.112500000000018474e-01
1.519459999999999766e+01,7.175500000000027967e-01
1.468889999999999851e+01,1.331850000000001089e+00
1.765259999999999962e+01,6.428500000000028081e-01
1.397679999999999900e+01,6.947500000000026432e-01
1.572609999999999886e+01,9.174500000000023192e-01
1.283289999999999864e+01,1.060550000000002768e+00
1.283279999999999887e+01,1.060650000000002535e+00
1.296909999999999741e+01,3.633500000000040586e-01
1.486289999999999800e+01,6.501500000000035584e-01
1.580109999999999815e+01,1.095550000000002910e+00
1.750269999999999726e+01,8.433500000000044849e-01
1.671759999999999735e+01,1.013250000000006423e+00
1.448309999999999853e+01,8.149500000000031719e-01
1.789879999999999782e+01,3.825500000000054968e-01
1.676129999999999853e+01,6.764500000000026603e-01
1.594129999999999825e+01,1.022650000000002279e+00
1.481459999999999866e+01,5.788500000000027512e-01
1.594129999999999825e+01,1.022650000000002279e+00
1.571069999999999744e+01,6.250500000000034362e-01
1.551299999999999812e+01,8.366500000000023363e-01
1.499069999999999858e+01,6.306500000000028194e-01
1.433609999999999829e+01,1.191250000000003695e+00
1.659669999999999845e+01,1.389550000000003394e+00
1.587539999999999907e+01,8.854500000000022908e-01
1.573289999999999900e+01,8.231500000000000483e-01
1.457059999999999889e+01,6.474500000000027455e-01
1.459469999999999779e+01,1.283650000000003288e+00
1.521589999999999776e+01,7.687500000000042633e-01
1.521479999999999855e+01,7.698500000000034760e-01
1.752309999999999945e+01,1.213450000000001694e+00
1.717149999999999821e+01,6.374500000000047351e-01
1.612010000000000076e+01,7.302499999999980673e-01
1.423639999999999795e+01,8.227500000000027569e-01
1.545789999999999864e+01,7.083500000000029218e-01
1.457059999999999889e+01,6.474500000000027455e-01
1.283379999999999832e+01,1.059650000000003089e+00
1.457059999999999889e+01,6.474500000000027455e-01
1.426929999999999765e+01,6.673500000000043286e-01
1.524789999999999779e+01,6.823500000000031207e-01
1.487619999999999898e+01,8.103500000000014580e-01
1.667019999999999769e+01,7.943500000000049965e-01
1.461989999999999768e+01,1.095750000000004221e+00
1.311719999999999864e+01,1.153850000000002041e+00
1.687219999999999942e+01,9.055500000000016314e-01
1.448299999999999876e+01,8.150500000000029388e-01
1.311349999999999838e+01,1.157550000000002299e+00
1.459019999999999762e+01,1.125450000000004280e+00
1.583319999999999794e+01,8.973500000000029786e-01
1.584009999999999785e+01,8.904500000000030724e-01
1.571549999999999869e+01,7.344500000000024897e-01
1.539119999999999777e+01,7.710500000000024556e-01
1.426929999999999765e+01,6.673500000000043286e-01
1.502469999999999750e+01,8.056500000000035300e-01
1.510039999999999871e+01,6.830500000000032657e-01
1.416709999999999781e+01,6.283500000000028507e-01
1.664199999999999591e+01,1.062150000000006145e+00
1.574669999999999881e+01,8.351500000000040558e-01
1.429099999999999859e+01,7.751500000000017820e-01
1.541489999999999760e+01,6.296500000000033737e-01
1.522899999999999743e+01,6.549500000000030298e-01
1.427589999999999826e+01,7.053500000000028081e-01
1.457119999999999749e+01,6.468500000000041439e-01
1.440819999999999901e+01,1.201550000000002782e+00
1.688700000000000045e+01,9.875499999999988177e-01
1.532409999999999783e+01,7.781500000000036721e-01
1.464369999999999905e+01,6.955500000000025551e-01
1.664269999999999783e+01,1.061450000000004223e+00
1.705139999999999745e+01,8.478500000000046555e-01
1.635909999999999798e+01,1.247650000000003701e+00
1.639459999999999695e+01,6.493500000000054229e-01
1.382659999999999911e+01,2.916250000000001563e+00
1.426249999999999751e+01,6.449500000000032429e-01
1.624349999999999739e+01,6.844500000000053319e-01
1.576929999999999765e+01,9.162500000000015632e-01
1.532389999999999830e+01,7.522500000000036380e-01
1.564709999999999823e+01,6.525500000000015177e-01
1.564899999999999913e+01,6.506500000000006168e-01
1.751149999999999807e+01,3.497750000000003467e+00
1.695259999999999678e+01,1.544350000000004997e+00
1.707219999999999871e+01,8.270500000000033936e-01
1.413679999999999914e+01,6.781500000000022510e-01
1.588789999999999836e+01,8.578500000000026660e-01
1.491989999999999839e+01,6.423500000000021970e-01
1.674629999999999797e+01,1.529550000000003962e+00
1.404209999999999781e+01,6.916500000000027626e-01
1.387539999999999907e+01,7.012500000000017053e-01
1.681759999999999877e+01,5.127500000000040359e-01
1.550359999999999872e+01,5.778500000000050818e-01
1.391409999999999769e+01,6.527500000000028280e-01
1.391449999999999854e+01,6.523500000000019838e-01
1.554209999999999781e+01,8.497500000000037801e-01
1.280509999999999771e+01,7.984500000000043229e-01
1.298969999999999914e+01,1.159250000000001890e+00
1.646229999999999905e+01,8.994500000000016371e-01
1.688989999999999725e+01,9.198500000000038312e-01
1.404069999999999752e+01,6.089500000000036550e-01
1.554209999999999781e+01,8.497500000000037801e-01
1.411729999999999841e+01,7.126500000000035584e-01
1.378779999999999895e+01,2.934500000000017650e-01
1.450469999999999793e+01,5.872500000000027143e-01
1.464369999999999905e+01,6.955500000000025551e-01
1.583929999999999794e+01,1.125650000000003814e+00
1.583929999999999794e+01,1.125650000000003814e+00
1.583929999999999794e+01,1.125650000000003814e+00
1.573759999999999870e+01,7.114500000000010260e-01
1.391449999999999854e+01,6.523500000000019838e-01
1.593249999999999744e+01,8.156500000000050932e-01
1.662789999999999679e+01,9.585500000000024556e-01
1.464769999999999861e+01,6.196500000000018105e-01
1.503979999999999784e+01,1.316850000000004073e+00
1.643689999999999785e+01,1.092650000000002564e+00
1.573769999999999847e+01,7.113500000000012591e-01
1.385619999999999763e+01,6.697500000000040643e-01
1.762509999999999621e+01,3.015500000000059799e-01
1.493659999999999854e+01,6.387500000000034817e-01
1.473579999999999757e+01,7.021500000000031605e-01
1.473579999999999757e+01,7.021500000000031605e-01
1.517299999999999827e+01,6.550500000000027967e-01
1.464059999999999739e+01,5.992500000000031690e-01
1.607159999999999656e+01,6.232500000000058549e-01
1.607049999999999912e+01,6.243500000000032912e-01
1.591889999999999894e+01,5.689500000000027313e-01
1.641149999999999665e+01,7.921500000000065711e-01
1.492679999999999829e+01,5.825500000000030099e-01
1.769079999999999586e+01,2.622500000000052012e-01
1.583439999999999870e+01,5.516500000000021942e-01
1.299729999999999741e+01,6.269500000000043372e-01
1.527669999999999817e+01,6.694500000000029871e-01
1.754659999999999798e+01,1.152050000000002683e+00
1.509949999999999903e+01,6.230500000000027683e-01
1.313949999999999818e+01,1.166450000000002873e+00
1.657349999999999568e+01,5.500500000000059231e-01
1.322489999999999810e+01,1.166850000000003718e+00
1.609389999999999787e+01,7.064500000000037971e-01
1.411549999999999905e+01,6.093500000000027228e-01
1.461169999999999902e+01,6.214500000000029445e-01
1.467709999999999759e+01,6.938500000000029644e-01
1.514159999999999862e+01,1.073250000000003368e+00
1.728149999999999764e+01,2.752250000000003638e+00
1.501809999999999867e+01,6.822500000000033538e-01
1.551379999999999804e+01,6.203500000000037318e-01
1.566949999999999754e+01,6.499500000000058009e-01
1.678879999999999839e+01,1.189250000000004803e+00
1.618419999999999703e+01,6.193500000000042860e-01
1.531029999999999802e+01,5.784500000000036835e-01
1.767319999999999780e+01,5.230500000000013472e-01
1.466359999999999886e+01,6.492500000000021032e-01
1.607450000000000045e+01,1.246349999999999625e+00
1.679710000000000036e+01,1.180950000000002831e+00
